black,hispanic,married,nodegree,treat,age,education,re74,re75,re78
1,0,1,1,1,25,10,5706.221987431988,0.0,10116.69389135703
1,0,0,1,1,17,7,8380.29244306401,1043.14681929332,9644.200907505245
1,0,0,1,0,35,8,4305.827912867811,2737.707180474368,0.0
1,0,1,1,0,17,11,7693.694189799695,0.0,1490.6089118042632
1,0,1,1,0,37,10,0.0,0.0,15438.800065194107
1,0,1,0,1,28,12,1503.2370046819553,316.1229576679867,4705.9117060126355
0,0,1,1,0,27,9,17214.28117220254,17597.811410800237,14362.554102839274
1,0,0,1,0,21,9,0.0,0.0,1245.978165575923
1,0,1,0,0,25,13,7907.730294502679,2525.515759158337,4384.1732612242395
1,0,0,1,1,32,11,4586.287862725834,2891.8448349093114,19891.325197613558
1,0,1,0,1,24,12,5701.485172428025,2867.3510958646466,8479.702906036646
1,0,1,1,1,32,10,0.0,3872.457000944329,7287.320546763503
1,0,1,1,1,23,11,3799.9062154228886,451.0684567222389,5906.606895802635
0,1,0,1,0,22,10,2823.5393579329475,2812.74667660301,6074.551616966634
1,0,1,1,1,22,9,2052.845916161644,0.0,10541.731000528329
0,0,1,1,0,22,10,5736.73699426904,5426.711104314786,5398.657676464993
1,0,1,1,0,28,11,2986.4579455855323,4678.8156689842635,0.0
1,0,1,0,1,40,13,2250.221410048403,0.0,11733.530441049732
1,0,0,1,1,27,8,0.0,900.1789688465174,12557.248679960328
0,1,1,1,0,23,10,4815.323222432561,6522.252809717739,14077.596083519815
1,0,1,1,1,26,13,0.0,0.0,5483.643997161974
1,0,1,1,1,24,10,1288.7665357001806,0.0,8112.632824792114
1,0,0,1,0,21,11,15626.435740561785,7730.860867798707,6495.397165000622
1,0,1,1,1,32,8,0.0,0.0,12998.647814690134
1,0,1,1,1,26,10,0.0,888.1970492301728,5116.366494910589
1,0,1,1,1,35,8,6358.807935747967,2935.191673299547,12445.560101920997
1,0,1,1,1,32,12,0.0,0.0,8969.721848624937
1,0,1,1,0,36,10,0.0,0.0,10345.76937367586
1,0,0,1,0,38,7,6897.184727455826,2695.8900307341455,16126.404380419015
0,0,1,1,0,20,10,4950.902653214067,166.536804720286,6869.119669413461
1,0,1,0,0,23,13,0.0,0.0,6163.171879786963
1,0,1,0,1,36,12,10516.79977213382,2783.4030159582335,11962.491379924879
1,0,0,1,1,23,8,0.0,0.0,7250.567821620369
1,0,0,1,0,23,11,1657.1675566865683,0.0,0.0
1,0,1,0,1,27,12,10744.815203887756,4464.587568527775,20051.25563943718
1,0,1,1,1,21,10,658.7080186479072,0.0,5245.062904235812
1,0,1,1,1,22,8,5018.018606365981,2429.1368741843803,12992.663626901704
0,0,1,1,1,23,10,9722.948558824584,8619.901453079947,9852.767553459871
1,0,1,1,1,29,11,0.0,0.0,20828.351715543467
1,0,1,1,1,21,11,0.0,0.0,4625.751859640392
1,0,1,1,1,28,9,4546.821658846506,2273.165660814122,16685.16586936546
1,0,1,1,0,26,10,0.0,1947.6371672837643,4366.142014692166
1,0,1,1,0,29,9,2436.178984372658,0.0,4330.7528756452375
1,0,0,0,0,20,12,0.0,0.0,5911.964139268657
1,0,1,0,0,27,12,0.0,662.510660260768,974.2354361243883
1,0,1,1,0,18,9,1657.1862639178157,1718.1254081130842,0.0
1,0,1,1,1,19,11,6764.716474800999,1050.9510280507432,4496.156677477038
1,0,1,1,1,23,10,0.0,193.9099362721836,5580.715935244822
1,0,1,1,1,34,8,0.0,0.0,9399.017796833294
1,0,1,1,1,17,11,0.0,0.0,4502.752509913082
0,1,1,1,1,41,6,4868.187912726094,4126.689996716554,5422.1884797077355
1,0,1,0,0,23,13,6653.006260338245,4005.313764197208,8334.978963331716
1,0,1,1,1,28,8,314.6397681059332,0.0,14285.40302965284
1,0,0,1,1,26,9,0.0,1316.4562449325122,4885.645748552392
1,0,1,1,1,30,9,0.0,0.0,12940.97877464992
1,0,1,1,1,24,10,8067.634918530586,1241.7895161455467,5743.9876233291025
1,0,1,0,0,24,12,8826.573054307075,2207.249747518863,0.0
1,0,0,1,1,23,11,2988.16517282992,349.19989237236325,4994.731422347862
1,0,1,1,1,21,12,0.0,970.9087577284506,12304.156654082799
1,0,0,1,1,19,11,9176.834819312684,1067.3580834419768,13871.161403776925
1,0,1,0,1,28,11,1819.463674276556,1070.386035012567,7766.660160618731
1,0,1,1,1,24,8,0.0,0.0,16135.831520548301
1,0,1,0,0,32,13,6421.342147026384,2044.9995685747372,9126.894128459222
1,0,1,1,1,28,10,7857.87691528457,4483.983564793223,9380.329767708385
0,0,0,1,1,16,9,16226.63303426524,8492.63717199552,9412.666406143402
0,0,1,1,0,20,9,5476.52601166247,4974.906006840176,8871.980361984777
1,0,1,1,0,26,10,0.0,0.0,0.0
1,0,0,1,1,28,9,7149.6033785821355,860.367587206807,5604.868504973774
0,1,1,0,0,34,12,0.0,0.0,6675.58572859028
1,0,1,1,1,22,10,34.9691007018921,5778.575658805966,4767.9414635012545
1,0,0,1,1,21,10,8699.300214833725,2807.8297235668133,4740.703466656471
1,0,1,0,1,24,12,6188.807759251159,0.0,5411.939967934188
1,0,1,1,1,33,10,0.0,3308.7494558887306,17282.66233342331
0,0,1,0,1,29,13,2715.2929557858397,915.7245832991073,20157.625487109704
0,1,0,1,0,32,9,0.0,0.0,0.0
1,0,0,1,0,27,10,4170.706125942223,4555.635716805175,4701.848077411848
1,0,1,1,1,38,8,2119.65006746749,3928.5776408876263,15049.51079788041
1,0,0,1,1,20,9,11545.63617033522,835.7560759775404,21825.32839209301
0,1,1,1,1,20,10,1118.3372131468689,0.0,10759.629902735054
1,0,1,1,1,30,9,6404.438326233335,0.0,4614.687196976143
0,0,1,1,1,19,10,6185.581660927755,695.5336322592925,6514.325101491972
1,0,1,0,0,32,12,6467.439178890527,2536.7139690272547,12465.552073401383
1,0,0,1,1,19,9,1912.4459024958562,0.0,8361.57764766117
0,0,0,1,1,21,9,11541.247071014415,11172.81617569966,14131.313537345686
1,0,1,1,0,31,9,9410.380777193866,5204.938496467215,0.0
1,0,0,1,1,30,11,0.0,0.0,4694.482717980743
1,0,1,0,1,32,12,840.0202746984608,2020.6044386813437,4767.20611222657
1,0,0,1,1,20,9,0.0,0.0,4857.234838770242
1,0,0,1,1,27,10,11115.384373235684,5079.132051848472,4377.075389556514
1,0,1,1,1,30,9,1851.7629690855895,0.0,5651.627852007413
0,0,0,1,0,17,9,17871.55041891696,13423.30871233735,5461.497373592597
0,0,1,1,1,25,11,0.0,3509.225074735425,8470.113885954659
0,0,1,1,0,22,9,0.0,2314.576642930764,9859.976019886219
0,1,1,1,0,26,5,737.4426077602623,0.0,365.34361129539593
1,0,0,1,1,24,10,2643.053041584519,0.0,7245.814593097058
1,0,1,1,1,38,9,0.0,0.0,12005.185050649434
0,1,1,1,1,18,8,520.1832649366471,3044.9927744355828,14850.482600251871
1,0,1,1,1,26,7,0.0,614.9930437261565,16144.828200285956
1,0,1,1,1,30,11,2712.8187395550576,1279.264518434836,14240.979630132044
0,0,1,0,0,26,12,0.0,160.94170042964268,14849.987601556897
0,0,0,1,0,16,10,10851.28960166749,5580.766717745673,4063.9783336307437
1,0,1,1,1,23,12,1637.1866768352825,718.7763311900251,7591.333301342659
1,0,1,1,0,23,10,222.97625991580685,2258.635161421198,5861.7837707391
0,1,1,1,0,30,11,0.0,0.0,0.0
0,1,1,1,0,27,9,1598.1039933479128,2383.303854819337,4012.6784950586516
1,0,1,1,1,38,7,2977.1954595128045,0.0,6960.470978100237
1,0,1,1,1,20,10,9220.171069882788,1181.4721555756703,5528.898280097274
0,1,1,0,1,29,12,1934.9526805130681,3030.304328510666,11730.614811038131
1,0,1,1,1,28,10,191.63033169660366,2606.552060233287,20070.581575562646
0,0,1,0,0,28,12,7.20089413103824,279.2430887484487,7002.203446241027
1,0,0,0,1,19,13,2178.1364921094105,860.7813381155415,19198.20518276722
1,0,1,1,1,28,8,0.0,0.0,5315.270008396762
1,0,0,1,1,22,9,1936.6085668442188,0.0,5283.130335885975
1,0,1,1,1,42,9,8664.000363773488,2569.8252558162894,12426.0292032566
1,0,1,1,1,28,10,6979.629245231775,0.0,6116.929289870568
1,0,1,1,1,39,9,2026.6639392494428,1553.177293154526,5155.374110721333
1,0,1,1,1,27,9,0.0,0.0,6505.932352252582
1,0,0,1,1,25,11,2116.0616143288526,4884.7274913006,5598.276175792289
1,0,0,0,1,27,12,0.0,0.0,8810.131368876944
1,0,1,1,1,39,10,1593.9155907976062,801.8900295971166,6650.654212288578
0,1,1,1,1,29,10,0.0,0.0,5136.030326136291
0,1,1,1,1,25,5,0.0,0.0,9182.311407104438
1,0,1,1,1,42,10,0.0,0.0,5190.8667539598255
0,1,0,1,1,19,13,5466.717258292189,8856.473406765068,20133.422886413886
1,0,1,1,0,27,9,3549.0977032012806,180.58652791734255,7788.248100314113
0,1,1,1,0,25,11,5948.632574282527,7490.840410765924,11407.698325382386
1,0,0,1,1,21,10,9957.248049266118,4458.455226876495,14499.626592473058
1,0,0,1,1,30,9,5074.633500041009,658.7203273322624,6336.772784696996
1,0,1,1,1,38,10,0.0,0.0,10210.963800959164
1,0,1,0,1,35,11,3682.2060356334255,85.84332221631439,9463.92248841015
1,0,0,1,1,23,10,5028.993463460469,4761.758328439928,8601.927228082655
0,0,1,1,0,27,9,9365.05809468712,5647.225622504322,7345.318309601675
0,0,0,1,0,17,9,50.88589021379994,129.03060379613726,4956.446231813201
1,0,1,1,0,27,9,6654.8289335740365,1745.210848651147,0.0
1,0,1,1,1,25,10,3191.0690453488114,0.0,11414.26348404655
1,0,1,1,1,38,11,0.0,685.7414094680337,5407.682432724206
0,0,1,0,0,28,12,6.584477028524816,508.6989717257038,14644.882723602546
0,0,0,1,0,19,10,8806.024060455125,5374.477885170327,4059.527748917129
0,0,0,1,1,16,11,5047.413581706919,318.59860171678747,4556.361544865881
1,0,1,1,1,30,10,0.0,0.0,7864.375704010115
1,0,0,1,1,20,11,0.0,0.0,6282.937304870848
0,1,1,1,0,28,10,0.0,0.0,2250.944523273411
1,0,1,1,1,27,10,0.0,1588.32464841739,13696.524746959294
1,0,1,1,1,30,11,0.0,0.0,4659.268701911075
1,0,1,0,0,35,12,0.0,0.0,4238.628787350287
1,0,1,1,1,28,11,5057.700714236153,811.7687930487857,16803.638894153057
1,0,0,1,1,28,10,10195.878636314534,1448.4648638161705,17943.20914344991
1,0,1,1,0,34,8,10928.79803905751,2284.039081078994,5863.081317361674
0,1,0,1,0,19,13,3169.2341073290436,2210.0262578289676,7404.214858806366
0,1,0,1,1,21,11,0.0,0.0,7206.392596959167
1,0,1,1,1,20,8,5796.796281257887,0.0,5043.042123814338
0,1,1,1,1,29,11,3672.219457489754,1610.0788065929084,6725.867104945019
1,0,1,1,1,21,10,432.8220086409749,1133.4950048673568,10201.884854361664
1,0,1,1,0,29,10,5350.700336900272,1338.4563708351466,8173.544950074577
1,0,1,1,1,25,10,0.0,1815.338721382385,7137.735612141065
1,0,0,0,1,33,12,0.0,0.0,11505.03402898074
1,0,0,0,1,17,12,5291.648763486124,6015.999254044044,7012.575728630018
0,0,1,1,0,21,8,3383.645631092424,2978.874879435533,4773.652364821645
1,0,1,0,1,25,12,0.0,567.8570833979854,7940.875067960349
1,0,1,1,0,17,10,11850.311771439407,4381.496003769022,2074.139537898033
1,0,1,1,0,22,8,13038.092317634691,1165.4669735915336,6757.875750903551
1,0,1,1,0,31,9,47.63516491897758,478.0571769692899,10620.57903211738
1,0,0,1,1,27,10,9412.972501561728,3440.884270754865,5821.544945426425
0,0,1,0,0,27,12,2601.69513562094,499.74016065063546,4749.061561323938
1,0,1,1,1,31,9,4457.007332208853,4262.248556712872,4378.5215509467835
1,0,1,1,0,29,10,126.3946955445615,0.0,0.0
1,0,1,1,1,43,8,2947.6260700466028,1675.4354546549175,10227.512211570394
1,0,1,0,0,20,12,0.0,0.0,12208.193627363424
1,0,1,1,0,25,13,0.0,631.7507829464122,8872.55637877963
1,0,1,1,0,31,11,0.0,600.0537236939488,6579.568656105037
0,1,0,1,0,18,8,3896.2943217297607,7656.477830127948,16237.97770052357
1,0,1,1,1,24,10,95.0138363879862,0.0,11617.158262812412
0,1,1,1,0,20,7,140.95063052927242,0.0,0.0
1,0,1,1,1,25,11,4080.2561479385363,4887.305490786154,4939.896597203227
1,0,1,1,0,30,12,10684.10067958241,7314.365492371349,7815.572200718971
1,0,1,1,1,28,12,0.0,0.0,16004.17470308963
0,1,1,1,0,25,9,0.0,1646.2439106578422,3742.1125264109414
1,0,1,1,1,25,10,3462.758842237818,1775.6726047398276,9043.866196466086
1,0,1,0,0,22,12,5012.263008072725,208.88774586129523,3301.4426831663504
1,0,1,1,0,25,13,0.0,0.0,5635.67328244381
1,0,1,1,1,26,11,8620.341499087963,2542.702774128348,5818.839964460027
1,0,1,1,1,20,10,1971.0570720367052,4600.5096193916615,11615.27644668051
1,0,0,1,0,25,12,14029.793898256397,7824.666080649013,6199.325766110456
1,0,1,1,1,22,8,6254.201378643701,977.3372125087237,5202.136026770075
1,0,1,1,1,22,8,5279.816642443593,1861.7669018489773,8722.354165146946
1,0,1,1,1,35,11,7504.622793923235,3109.3332641086854,9452.645520341313
1,0,1,1,0,27,8,2899.3085340822213,827.5088589484119,7797.5919399572595
1,0,1,1,0,22,10,1617.2713042117482,3623.7515212745498,11132.510915348617
1,0,1,1,1,28,12,0.0,0.0,8607.473520585241
1,0,1,1,1,22,9,0.0,0.0,7011.9088997162125
1,0,1,1,0,26,10,2546.943640307254,1388.2931764432396,7254.288201270746
1,0,0,1,1,27,10,0.0,1313.0253709005585,14774.464990694665
1,0,1,1,0,23,11,5130.073185827254,203.96294221683593,20688.933063465396
1,0,1,1,1,24,10,0.0,0.0,4882.600194049863
1,0,1,1,1,24,12,256.4767075460529,0.0,8412.61157416131
1,0,0,1,1,22,11,2750.8778470094558,106.62820787663054,7681.058560545617
1,0,1,1,0,35,8,5900.29302784512,614.2290638410416,5040.9486314896785
0,0,1,1,1,24,8,0.0,0.0,9960.573128165855
1,0,1,1,0,25,11,67.36736353797619,2427.560412582862,7919.5042734549925
0,1,1,1,0,25,8,1686.0015897153676,2546.672268869863,6864.575783284454
1,0,1,1,1,29,10,0.0,0.0,11203.877698186581
1,0,0,1,0,20,9,3771.637043142683,3959.4762679411165,6014.027471882806
1,0,0,1,1,20,11,6604.425763475643,1616.200971833318,4905.399732530854
1,0,1,1,1,35,8,0.0,2450.407774658784,8249.832777975622
1,0,1,1,0,46,10,0.0,0.0,2563.906454037872
1,0,1,1,1,24,9,0.0,0.0,9024.769845786377
1,0,1,1,0,25,11,2496.0160149313197,2381.97350407007,2963.4958565162674
1,0,1,0,1,28,12,0.0,0.0,15266.498891556112
1,0,1,1,1,24,12,0.0,1377.7510951861937,4804.466795653871
1,0,1,1,1,42,10,0.0,3909.7750242425823,8999.485789113041
1,0,1,1,1,27,10,0.0,0.0,13706.977843550065
1,0,0,1,0,21,10,3103.3426034786416,1312.3720669245763,3324.6389853758046
1,0,1,1,1,24,9,0.0,0.0,9013.875070869164
1,0,1,1,1,19,10,2416.3773872202673,2103.442434246431,4997.736602632066
1,0,1,1,1,22,12,5123.720247745451,2867.54648207835,13076.74538982282
1,0,0,1,1,16,9,6307.468193286734,3621.546973297474,19952.367837983118
1,0,1,1,1,31,9,5894.598471798639,1782.1089399210855,5702.737508622893
1,0,1,1,1,37,10,6147.4238508034205,2758.879532228668,10556.706453452472
1,0,1,1,0,22,10,4106.71413810188,2936.4678746653594,3702.061912228776
1,0,0,1,1,23,8,0.0,2010.8054757888294,6168.13835083684
1,0,0,1,0,23,12,0.0,2486.606953152381,0.0
1,0,1,1,0,23,11,8775.297386779352,4519.475298795186,12938.492396629823
1,0,0,0,1,21,12,0.0,1635.6137058376908,11229.833659573844
0,1,1,1,0,20,8,0.0,0.0,1843.6046284489375
1,0,1,1,0,23,12,0.0,0.0,0.0
1,0,1,1,1,19,10,7743.246608130603,4157.968322826227,20279.74112992952
1,0,0,0,1,16,12,0.0,635.5889079156466,6923.832913165179
0,0,0,1,0,19,9,5027.437556375251,3410.7642214110288,462.9928032434891
0,1,0,1,0,16,8,19.31871181084989,694.9388075204208,5428.659485433286
0,1,1,1,0,35,8,4209.074011000702,6568.886935637031,9988.632693964484
1,0,1,1,1,30,11,0.0,932.7702406370242,14664.104187698129
1,0,1,1,1,30,7,0.0,2354.9804758689315,9264.247517501164
0,1,1,0,0,33,12,0.0,0.0,6708.357522928087
1,0,1,1,0,26,10,11719.740169297213,3914.0855975560257,2609.9063990626855
1,0,1,1,1,36,10,0.0,0.0,17228.48048258725
1,0,1,1,1,28,10,9250.540740634018,3262.5318117326174,4652.649886807919
1,0,0,1,1,20,11,1918.4127176991994,3714.062861542039,16785.262958658488
1,0,0,1,1,22,10,4723.845599508824,1276.4137074349833,12771.974930039956
1,0,0,1,1,23,10,0.0,0.0,5883.2554352221005
1,0,1,0,1,26,12,0.0,2135.5808710256397,13917.372574306482
1,0,1,1,1,32,12,3052.9219462988176,3859.8406587437726,10949.27429610454
1,0,1,0,1,32,12,6615.623177818057,3181.160441799245,7355.815740165651
1,0,1,1,1,29,9,1480.220054256153,0.0,15234.91996839795
1,0,1,1,0,34,11,0.0,811.5964827104062,2186.404310280962
1,0,1,0,1,26,11,0.0,0.0,7295.149928806709
1,0,1,1,1,24,10,9922.002417065029,3731.879073124212,4899.280621814918
1,0,1,1,1,27,12,3063.5172389987492,1896.9711847863587,6556.176742844811
1,0,1,1,1,40,8,2342.135949306945,3235.492689756285,6085.429089272836
1,0,1,1,1,23,10,152.11855522837755,0.0,5001.736984686843
1,0,1,1,1,40,12,5516.360288419244,4430.458022567453,4950.158222862326
1,0,0,0,1,19,13,0.0,0.0,5228.768507785112
1,0,1,1,1,36,11,6476.096980422376,3828.268481482947,18109.829353420555
1,0,1,1,1,27,6,0.0,0.0,4705.8716032477705
1,0,1,0,0,21,12,0.0,0.0,9147.65763678885
1,0,1,0,1,21,12,6821.2921551124455,1081.6392229453106,5048.482496726097
0,1,1,0,1,36,12,0.0,0.0,11142.31482009716
1,0,0,1,1,16,9,5785.2554823020055,2259.7222689102346,11439.132428021307
1,0,1,1,1,34,11,2395.0383280290544,0.0,18802.164848049273
1,0,1,1,0,27,10,0.0,1152.6208339493937,4372.134037541989
1,0,1,1,1,25,9,0.0,0.0,8200.173538517862
1,0,1,1,1,39,7,0.0,0.0,9977.824604616628
1,0,1,1,1,34,8,2264.186476054891,0.0,21148.190639523073
1,0,0,1,0,22,11,0.0,0.0,0.0
0,0,1,0,1,22,12,2474.503481284255,109.59406091034208,23007.543481966968
1,0,1,1,0,23,10,6462.266678192192,0.0,0.0
1,0,1,1,1,22,11,0.0,0.0,8541.219915008642
1,0,1,1,1,22,10,8074.700901271196,3549.0356851674997,6414.668043674295
1,0,0,1,1,23,9,0.0,2847.0707562548914,17475.948545306685
1,0,0,1,1,22,10,7428.178549808821,1736.6660095189775,23249.02349565683
1,0,1,0,0,30,13,0.0,0.0,1317.937979900712
1,0,1,1,1,27,7,14744.343144748407,4710.408939295604,16343.420906128358
1,0,1,1,1,39,9,8829.517269357253,6791.693922011195,5456.715524899535
1,0,1,1,1,31,11,7736.006599877342,4378.686755154446,14487.369533862446
1,0,1,0,0,20,12,1552.3394457639138,1153.190453230526,6856.423135846038
1,0,1,1,1,39,11,0.0,0.0,12865.653436969082
1,0,1,1,1,27,10,4756.370075474342,4972.021358928658,9731.364364886682
0,0,1,1,1,20,10,0.0,0.0,9420.511614888579
1,0,1,1,1,24,9,1098.2403344953505,2607.2100661654667,19025.23658327597
1,0,0,1,1,18,11,2300.085474922894,2767.5509687606145,8872.707063078462
0,0,1,0,0,36,12,0.0,690.5533813556062,0.0
1,0,1,1,0,29,7,0.0,0.0,578.2371308093229
0,1,1,0,0,31,12,393.8325005644783,616.7760290904025,6758.919521153734
1,0,0,0,1,28,13,0.0,0.0,10130.88519727541
1,0,0,1,1,23,10,7440.691384089081,693.5623052543368,4974.273487395323
1,0,1,1,1,26,7,0.0,0.0,8527.004109438658
0,1,1,1,1,23,9,790.268756673175,4094.4070813037233,13233.19060252406
1,0,0,1,1,30,10,4112.743202067271,1471.4048339722533,4538.86768162042
1,0,1,1,1,32,11,9943.646442443798,7157.897246934075,17780.776156666612
0,0,1,0,0,30,12,1967.1620978551725,936.5773376242275,3672.8034181564663
1,0,0,1,0,17,9,0.0,0.0,6581.853292021087
1,0,1,1,1,24,13,0.0,843.7563714916678,10858.490161370377
1,0,1,1,1,26,9,0.0,0.0,4762.606397936163
1,0,0,1,1,31,9,0.0,0.0,14870.961951953148
0,1,1,1,0,27,9,5508.135529143989,9106.854191846931,9667.695899582437
1,0,0,1,1,20,10,0.0,0.0,14749.83745994669
0,0,1,0,0,29,12,478.38020325964186,212.19757174957016,686.7232036837249
1,0,0,1,0,27,12,0.0,0.0,901.0688167087187
1,0,1,1,1,24,10,4807.5329114201995,0.0,8381.713993613412
1,0,1,1,1,25,11,3466.4701771625314,0.0,6092.09813438965
1,0,1,1,1,31,9,8055.61182902962,3473.669120142801,11576.038565487268
0,0,1,1,1,20,11,0.0,0.0,6310.45726093813
1,0,1,1,1,32,9,0.0,0.0,10818.556036827538
0,1,1,1,0,38,11,2205.8742591964674,3291.289505306572,7505.742814156172
1,0,0,1,0,16,9,0.0,0.0,5938.553367981307
0,0,0,0,0,27,12,0.0,586.1914620845803,21062.829870646572
1,0,1,1,1,28,9,0.0,0.0,17530.329205618626
1,0,1,1,1,22,9,12957.176779008856,8535.95333330278,8759.376711094323
0,0,1,1,0,24,9,0.0,272.60401589254434,10582.01340217439
1,0,0,1,1,24,11,0.0,0.0,13187.314870167756
1,0,1,1,1,29,10,8038.331314192147,2783.3378840565865,22819.421388769675
1,0,1,1,0,20,10,11965.343641973257,4314.600752666231,7083.876532119893
0,1,0,1,1,16,7,0.0,0.0,5829.43758199892
1,0,1,1,1,29,10,0.0,0.0,10922.138958549032
1,0,1,1,1,32,10,1015.6870531034936,0.0,5197.324220753253
0,0,0,1,0,22,11,3065.6233202593708,3634.6512636778853,0.0
0,0,0,1,0,18,11,2450.250060731603,1527.4884522805876,353.7146088006921
1,0,1,1,1,29,10,11258.900398835372,3053.830577388734,8174.943110357113
1,0,1,1,1,17,8,9804.875195106528,5391.834746915578,8835.91694125006
1,0,1,1,0,29,10,989.3222536567421,1285.1209024444265,11817.753674052576
1,0,1,0,1,31,12,327.1074414388379,2907.014841129464,5067.972550465238
0,1,1,0,1,34,12,0.0,0.0,11854.59554405709
1,0,1,0,0,24,12,0.0,0.0,5722.31752813649
1,0,1,1,1,19,11,6725.355110547616,4012.4449415869735,23871.28091125703
1,0,1,1,1,26,8,10978.194555074857,4201.858798540903,5880.865981041003
1,0,1,1,1,24,9,0.0,570.6085853619521,14057.498533979277
1,0,1,1,0,25,11,0.0,0.0,16852.15394338722
1,0,1,1,1,31,10,0.0,353.908438470208,13159.642470395753
0,1,1,1,0,26,11,0.0,1967.3787611146968,4742.404091810273
1,0,1,1,1,40,10,0.0,3635.3139490006074,14051.987730638251
0,0,0,1,0,19,9,0.0,0.0,1578.0993684850018
1,0,0,1,1,19,11,5504.023936235948,1984.487922772243,12658.34208770961
1,0,1,0,0,35,12,0.0,1876.543693823277,3633.921596695239
1,0,1,1,1,24,10,0.0,0.0,4924.143871088206
1,0,1,1,0,32,12,4304.228399041645,228.46605290416653,4844.994914844205
1,0,1,1,1,26,11,2984.290305126423,0.0,9135.751052326606
1,0,0,1,1,18,10,2959.5309337556755,502.760467446746,9862.452694194246
1,0,1,1,0,31,9,6009.3554311513735,2502.7076265110845,2628.4778445200086
1,0,1,1,1,29,8,11333.56945188675,0.0,7938.961363914368
1,0,0,0,0,16,13,842.0413105452233,0.0,6022.1287313691955
1,0,1,1,1,26,11,9674.198476706542,5031.66057323214,5251.579620219473
1,0,0,0,1,22,12,5744.220468912134,2704.9394646591054,17308.828901253863
1,0,0,1,1,28,10,0.0,2248.6355244526176,5673.569165555539
1,0,1,0,0,27,12,6946.476850191188,322.02610027982155,4087.7345211517377
0,1,1,1,0,25,10,0.0,0.0,3821.4655732935203
1,0,1,1,1,27,10,10870.809509725874,8066.6355308195725,5782.294941146048
0,0,0,1,0,22,11,0.0,0.0,3855.093837555743
1,0,1,1,1,22,10,0.0,276.15843846925804,7788.917664355811
1,0,1,1,1,38,10,0.0,2674.84495666385,9072.365943511444
0,1,0,1,1,25,5,1508.2043390405288,0.0,4595.146390289497
1,0,1,1,1,24,11,2267.0481525669234,1747.5685363098369,4909.318887569712
1,0,1,1,1,31,9,0.0,0.0,11159.322841788555
1,0,1,1,1,24,9,0.0,0.0,15468.899303497154
1,0,1,1,1,20,11,4760.919541704769,2172.1740113268634,6772.935850655878
0,0,0,1,0,21,10,9782.899345245401,9979.146259115252,3851.243599435798
1,0,1,1,1,35,9,0.0,2035.0311812868285,4662.338828867688
1,0,1,1,1,35,11,0.0,0.0,15551.612457999956
1,0,1,1,0,46,8,699.1888647056569,0.0,6167.980081874013
0,0,1,0,1,28,12,0.0,14.310180199426725,11737.443666681322
1,0,0,0,0,27,12,2582.4631764138653,3532.000683624381,0.0
1,0,1,1,1,31,10,0.0,0.0,9075.358818086108
1,0,1,0,0,27,12,845.8189121643736,687.2172576246091,613.672340760666
0,0,1,1,0,25,11,14464.27924681634,5719.503170214547,6777.735116617829
1,0,1,1,0,32,10,0.0,0.0,3104.815523718535
1,0,1,1,0,18,9,4872.66748949182,181.51852792842294,2178.9389240836504
0,1,1,1,1,25,11,4198.108885521265,6222.6972533926055,17272.85258689825
1,0,1,1,0,29,10,2523.1628733758835,1461.4957121398234,2573.416828143298
0,0,1,0,0,31,12,0.0,459.873695210611,5262.251442982216
1,0,0,1,1,21,8,0.0,1256.2645230033434,5622.089599883006
1,0,1,1,1,33,8,6097.341120799729,0.0,16180.005213351387
0,1,1,1,1,35,12,1550.8847642277951,2799.556504998842,16953.805842029644
1,0,1,1,1,19,10,3158.2839139371663,3888.4381830720963,7120.7425946850335
1,0,0,1,1,33,12,8716.876623682267,8518.68204286685,7146.118992315287
1,0,1,0,1,35,12,0.0,0.0,4955.312989272477
1,0,0,1,1,32,10,0.0,0.0,14938.871986155196
1,0,0,0,0,18,12,6266.321286689445,1801.5061134596526,8709.841727877769
1,0,0,1,1,31,9,0.0,78.10706251906618,15696.581831898277
1,0,0,1,0,21,9,0.0,0.0,4598.447033752521
1,0,1,1,1,33,9,0.0,0.0,6227.52986775802
1,0,1,0,0,32,12,1014.7287148094842,1385.1795906675839,3756.9788124885895
1,0,1,1,1,34,10,10764.38488849079,6999.242581644152,5044.105843193265
1,0,0,0,0,19,12,0.0,2549.820910674551,4939.475718358005
1,0,1,0,1,25,12,5055.078853288042,250.75732068352158,10604.870291936066
1,0,1,0,0,28,13,3107.84243306044,2190.0159962845564,0.0
1,0,1,1,0,32,9,13864.499496948494,8061.835597001232,1027.8244561796319
1,0,0,1,1,31,9,0.0,0.0,16258.85082822828
1,0,1,1,1,35,9,6733.735364653055,4351.807976465363,5101.954293658148
1,0,0,0,0,22,12,1110.0375712038672,1575.3303173810546,0.0
1,0,1,1,1,27,9,0.0,0.0,4893.212716825969
1,0,1,1,0,27,11,0.0,572.1831393236134,8713.452760145272
1,0,1,1,1,29,8,12111.06797993874,3141.1766830908996,7425.1908373149645
1,0,1,1,0,31,8,5533.036263656231,65.69096372370655,8114.563885400137
1,0,1,0,1,31,13,2716.971888995511,0.0,11872.918006555345
1,0,1,1,1,28,9,11349.700237490706,4837.428720359334,8646.708891411583
1,0,1,1,1,31,10,0.0,0.0,5604.156884072637
1,0,1,1,1,31,10,4832.120057389684,2484.832872944392,4759.1524046957375
1,0,1,1,1,45,8,0.0,0.0,8545.675940459932
1,0,1,1,1,23,8,0.0,0.0,5462.965213702852
0,0,0,1,1,18,10,4198.978568573711,3530.1838216323613,8879.779942335259
1,0,1,1,1,25,12,0.0,2048.553530690696,5976.087903295094
1,0,0,1,1,16,10,0.0,0.0,11871.012072370962
1,0,1,0,0,25,11,11331.364702994972,4887.699635258758,3482.166551602204
1,0,1,1,1,30,8,4729.3652533572495,1128.8065306139808,5109.595707562111
1,0,0,1,1,33,10,3274.6488615957214,2299.9997374896734,7401.546354395277
1,0,1,1,1,32,8,0.0,988.9247423870493,14412.837407618219
1,0,1,1,1,29,10,4057.710013461782,0.0,9895.56368301887
1,0,1,1,1,19,11,4232.387436093168,0.0,17953.670587803834
1,0,0,0,0,32,12,9685.70019972021,1074.7279284245515,11135.976701982245
1,0,0,1,1,22,9,1971.5716892514515,0.0,15878.260069075022
1,0,0,1,0,27,9,0.0,780.5021280958357,292.7599132352757
0,1,1,1,0,27,9,1289.419106219571,1727.923819494781,2234.8137596312167
1,0,0,1,1,24,10,4537.116464212265,4739.38406980724,9545.39383331799
1,0,1,0,1,36,12,18075.747738176855,4251.498775743535,13281.018878097473
1,0,1,0,0,33,13,957.0976185106915,0.0,5976.3009629237185
1,0,0,1,0,38,8,3166.3856607291946,4934.669804326983,0.0
1,0,1,1,1,31,8,5064.2154561374045,1027.506153153758,4446.189498306535
1,0,1,1,1,25,10,0.0,1682.736348247457,12697.67765169766
1,0,1,1,1,35,8,0.0,0.0,20359.355633787818
1,0,1,1,1,18,9,11075.733713859328,3230.9092064222295,9324.432443271551
1,0,1,1,0,22,10,0.0,0.0,7839.199138388491
1,0,1,1,1,42,11,2011.6632933370065,2388.4903646734283,6065.845757122882
1,0,1,0,1,29,12,6578.74446692522,2866.482471194284,15374.97303285728
1,0,0,1,1,24,10,1613.3822876850932,0.0,5645.822380170985
1,0,1,1,1,23,10,0.0,928.9718212009507,10063.936996635908
1,0,0,1,1,21,10,13568.835934608778,5954.608924615656,14329.031617770062
1,0,0,1,1,27,11,7977.62497708704,5103.791746348668,13232.4722550041
1,0,0,1,1,17,12,0.0,0.0,9827.744765436662
1,0,1,1,0,31,10,8619.989513983908,4106.189324459057,8540.908953844844
1,0,1,0,0,34,12,6257.860601382026,2360.512507616909,7471.967896813893
1,0,0,1,1,29,11,6346.664187799348,3130.221545400205,4789.908749426717
1,0,1,1,0,29,10,12173.972455899955,897.2130671029166,0.0
0,1,1,1,0,28,9,4107.125639012996,3565.723411077507,8012.807810800412
1,0,1,1,1,27,9,449.89715048486664,0.0,8040.991519060015
0,0,1,0,0,29,12,0.0,69.45372866207117,8080.807950253833
1,0,1,1,1,33,10,0.0,0.0,5450.071712644352
1,0,1,0,1,26,13,3550.303236869256,388.42283590293107,11278.863539887876
1,0,1,1,1,28,11,0.0,0.0,13193.375625859173
1,0,0,1,1,25,10,6620.244901844549,1348.4091288542902,6113.354010001733
1,0,0,1,1,25,10,4679.335454231221,2292.070405121047,7850.544042886531
1,0,0,1,0,18,10,0.0,813.0031794171384,11136.268011911761
1,0,1,1,1,26,9,0.0,381.4875736482762,5793.985164724834
1,0,1,1,1,32,10,754.7129421038601,1645.5223581125229,8195.344149514784
1,0,0,1,0,16,10,1431.381883064876,0.0,5076.397208000495
0,1,1,1,1,29,11,5918.626273629584,4021.385675859607,11645.421719343518
1,0,1,1,1,26,10,4203.4776014151375,4409.255186613285,9797.648128478011
0,1,1,1,0,23,6,1053.046195910346,326.2905516560454,4569.213796740975
1,0,1,1,1,24,11,5064.562153304795,2696.637036043924,9562.90769761501
1,0,1,1,1,29,11,0.0,0.0,5306.291968260431
1,0,0,0,0,28,12,3172.0406604703517,861.1987335095757,2962.3752441440847
1,0,1,1,1,32,11,7895.179946458262,270.7229702706687,8729.562900688845
1,0,1,1,0,22,9,0.0,0.0,0.0
1,0,1,1,1,36,10,4305.0292109216825,3626.4470615902546,15685.331251985202
1,0,0,1,1,19,10,5092.140974190869,3636.4208420479476,14193.464972003469
0,0,0,1,0,24,11,17995.517274227153,14762.39107694795,3655.4669459798624
0,0,1,1,1,19,9,6296.721142038478,5648.354069210375,13103.322523565883
0,0,1,1,0,20,7,1468.0266427738711,364.91271531317216,8481.723274364902
1,0,0,1,0,38,10,7831.091925531757,0.0,11432.166301286528
0,1,0,0,0,30,12,1239.9089640646607,1941.8052522525081,6809.618755904059
1,0,1,1,1,19,10,2453.047652464883,5358.973007600137,13914.474454493693
1,0,1,1,1,22,11,1094.5328711396755,3502.8794914234704,5337.869742617107
1,0,1,1,1,31,8,2467.697452147876,328.6910236510213,14231.861355901137
1,0,1,1,1,27,9,6226.922195175653,3106.32125918989,15543.805004792583
1,0,0,1,1,17,8,0.0,0.0,7920.636996725642
0,0,0,1,1,20,9,532.1869359996508,4049.647881547441,10071.530413590244
0,1,1,1,1,23,11,2592.8398040311376,0.0,5730.305316773397
0,0,0,1,1,22,10,1270.144564706815,0.0,14632.886551852287
1,0,1,1,0,41,11,0.0,1006.2339717165382,1087.1139276564272
0,0,1,0,0,27,12,2113.6841882820986,84.71706107082306,0.0
1,0,1,1,1,22,10,3075.6471098619236,2524.486407078406,9972.866498435047
1,0,1,1,1,25,8,0.0,0.0,11580.666742164
0,0,1,1,0,20,11,19943.420688518323,12885.15285689218,3918.3131011722753
1,0,1,1,0,22,10,0.0,448.5827554134311,2474.053379890981
1,0,0,0,1,19,12,3266.143280217968,1574.9412516573498,13587.592369594684
1,0,0,1,0,20,8,2448.1452751467677,0.0,1472.1513370471835
0,0,1,0,0,24,12,240.27457044328173,0.0,7900.470733601342
0,0,1,0,1,26,12,0.0,290.48342190556014,27606.420980566843
1,0,1,1,1,33,9,7209.134584005907,4017.378633714631,10784.87679193246
1,0,1,1,1,25,10,482.8097361185414,1929.6256575543407,5365.430920592354
1,0,1,1,1,36,11,0.0,0.0,4645.095295233897
1,0,1,1,1,21,12,0.0,506.0034832723634,12995.542180212202
1,0,1,1,1,34,11,645.529319618628,4538.433584708737,14983.734975845427
1,0,1,1,0,24,9,0.0,0.0,3292.4963692164006
1,0,1,0,0,23,13,0.0,0.0,0.0
0,1,0,1,1,16,7,1358.754646548277,5720.538453237895,20410.227355168492
1,0,0,1,1,23,10,0.0,65.05055902550453,5226.3376833410475
1,0,0,1,1,17,9,0.0,0.0,14126.4982940518
1,0,1,1,1,34,10,2163.442381424298,5752.00813163217,9679.820899761293
1,0,1,0,0,31,12,0.0,458.463920914219,6241.777570833394
1,0,0,1,0,24,11,2437.4195169653585,3486.33254082964,1405.606325502738
1,0,0,1,0,18,11,1057.1437392952716,2443.6432393007844,1205.5089971208458
1,0,0,0,0,25,13,7371.094438852009,1588.2389548659485,7754.108384733332
0,1,1,1,1,27,9,3809.603992479454,2872.1597746832767,15692.268957810675
1,0,1,1,1,31,8,1767.0725002552197,0.0,5168.3839189545
1,0,0,1,1,33,11,7996.646145996738,563.8173856233985,19320.187029966342
1,0,1,0,0,30,12,0.0,0.0,8680.482198857842
1,0,0,1,1,17,12,0.0,0.0,3972.157507598744
1,0,1,0,1,24,12,0.0,0.0,9353.093854692
1,0,1,0,1,35,12,8472.871407602706,1687.5141653364492,18569.364951738768
1,0,1,1,1,26,10,0.0,1935.5771245565402,13634.026337215015
1,0,0,1,1,26,10,1910.133959430531,1349.360380142892,5762.041233651184
1,0,1,1,1,30,8,0.0,0.0,6498.634484954732
1,0,1,1,1,29,9,984.0617203961904,0.0,5110.519859073414
1,0,0,1,1,26,9,4027.554351774561,393.6441968262036,9719.867285124516
1,0,1,0,1,33,12,4422.906680252552,1325.5530440125005,16999.448290973785
0,1,1,1,1,17,9,4232.923932824885,7756.272542741433,21608.490832750926
1,0,1,1,1,21,11,0.0,1105.6576616851505,10261.719074196026
0,0,1,1,1,22,10,1850.0749249760051,3864.386817485946,12233.553760669753
1,0,1,1,1,20,6,2770.0897079417095,1608.5054142734275,12601.998170409614
1,0,1,1,1,29,10,5598.021788874931,5127.903201980249,12862.199901226177
0,0,0,1,1,18,10,13081.18563272776,0.0,8945.325442627873
0,0,0,1,0,19,10,3866.086149132376,3652.6108194349163,2493.164863204896
0,0,0,1,0,18,8,0.0,0.0,7341.287006249089
1,0,0,1,1,32,10,2605.108835511922,4353.5652677162225,7608.975472986211
0,1,0,1,0,24,11,1607.5053620619592,1710.6376776070176,3114.90601206538
1,0,1,0,0,22,12,3433.557040441628,566.2229698643598,4976.7790472198885
1,0,1,0,1,29,12,0.0,0.0,12614.887408327306
1,0,1,1,1,25,10,0.0,0.0,4689.741461999426
1,0,1,1,1,34,9,10647.378038231811,6261.046515810503,14169.57849845006
1,0,1,1,0,23,9,0.0,0.0,8246.378480437126
1,0,1,1,1,21,10,0.0,524.9297704707963,6719.957790716924
1,0,1,1,0,23,9,8978.381439641602,3336.4023996099104,10096.358483131957
1,0,1,1,1,25,10,0.0,90.10619752797993,5456.7166729941355
1,0,1,1,1,29,11,8723.200595073646,2689.2835879921754,12865.57268837083
1,0,0,0,1,28,12,0.0,0.0,5197.642052573579
1,0,1,1,0,31,11,0.0,0.0,0.0
1,0,0,1,1,18,9,8343.50247517482,4761.817969992381,9472.061954842087
1,0,1,1,1,31,10,9797.380640421092,3711.4456132808796,16281.224504677035
1,0,1,1,1,22,9,4505.5253584500515,3066.1488554523357,10985.376672375261
0,1,1,0,0,36,12,0.0,0.0,6584.894444542623
1,0,1,1,1,33,10,7954.738905300189,599.1481761948396,11397.292675660228
1,0,1,1,1,25,11,0.0,762.449470260068,8228.26487183117
0,0,1,1,1,25,9,0.0,0.0,14616.95899175553
0,0,1,0,0,27,12,1213.0138883936024,496.24346562711264,11902.207097782
0,1,1,1,0,20,7,1088.6453308575649,5686.836038469332,13625.035044984754
1,0,1,1,1,30,10,10007.562081200926,4494.253734268568,9627.05871773006
0,1,1,1,0,22,5,0.0,0.0,5345.743730908835
1,0,1,1,0,31,10,5032.839632718922,1800.3951369868491,5929.416594447221
1,0,1,0,1,33,12,2269.5063854786417,361.5692096621507,11270.373386671645
0,0,0,1,1,17,8,8476.053911249839,7384.703204570989,10726.688176100233
1,0,1,1,0,29,8,978.5719324650245,2714.8622769211215,5226.691522709232
1,0,1,1,1,28,10,9141.316301215937,7508.279367803173,13757.68226099883
1,0,1,1,1,32,8,12947.725461095491,7635.427480929015,8145.496015587513
0,1,0,1,1,22,8,0.0,0.0,7030.681393810275
1,0,0,0,0,19,12,9231.141219763322,3502.7283674438595,0.0
1,0,1,1,0,20,9,0.0,0.0,6633.66349883228
1,0,1,1,1,21,8,0.0,0.0,18176.91134804793
1,0,1,1,1,26,10,1707.7562725961695,0.0,5294.75118812134
1,0,1,1,1,27,10,4054.526146054975,3381.247062558173,4301.541247294018
1,0,0,1,1,20,10,0.0,0.0,7019.269659926071
1,0,1,1,0,19,9,1156.6867663891387,4684.663305575711,5118.095676844541
1,0,1,1,1,18,9,4251.127140304951,2292.3489296265598,6113.6992705791745
1,0,1,0,1,24,12,0.0,0.0,4820.231765185629
1,0,0,1,1,17,10,10660.986720387747,6759.794586192627,4773.535432689269
0,1,1,1,1,32,9,4087.9302919479887,3503.131093293983,10990.342827756227
1,0,1,1,1,27,10,0.0,2747.272436982731,7319.629822141757
1,0,1,1,0,42,11,3618.4311288659815,0.0,9094.28752496956
0,1,1,1,1,22,9,1614.2462562836436,1302.1330757425844,21264.11486323329
0,0,0,0,1,23,12,1026.3674271952325,373.43128197686565,23138.529973345838
0,0,0,1,0,22,9,17564.997957171945,6648.908782936085,8463.48334760734
1,0,0,1,1,22,9,0.0,0.0,5528.124111647021
1,0,1,1,1,19,12,0.0,0.0,4667.035410727145
1,0,1,1,1,20,10,14725.097621949342,5276.563949113169,12108.438654720994
1,0,0,0,0,22,12,5001.410876180324,3054.1271563133623,6143.659330673163
1,0,0,1,1,16,8,6165.193220877148,4166.477001716497,14104.858356549417
1,0,1,0,1,22,12,4241.992378641853,3312.1811192773157,5437.168069177875
1,0,1,1,1,18,12,0.0,0.0,4506.899770945964
1,0,1,1,1,30,9,3044.696860923733,726.8183868234407,7745.197717231016
1,0,1,1,1,35,9,0.0,0.0,11420.966014258787
1,0,1,1,1,29,10,7589.996080295118,2352.728426397448,6683.157132785849
1,0,1,1,1,29,12,2222.0357667810817,1286.6877161233065,6558.55876084915
1,0,1,0,0,33,12,7566.121783500879,2984.5087658074026,8995.800516889853
1,0,1,1,0,20,10,1833.1634009223064,2776.184995578178,12152.630625266558
0,0,1,1,0,25,9,2080.5746645879294,0.0,10198.125036353937
1,0,1,1,1,28,7,0.0,0.0,9140.344903162408
1,0,1,1,1,33,10,8955.746690349157,5115.08381956681,17475.387122526354
0,1,1,1,1,23,9,2587.0955342532015,832.8090664080665,17636.05993010186
1,0,1,0,1,34,12,8425.833375341816,883.9818692210985,11796.747438102611
0,1,1,1,1,27,11,600.2104801103479,0.0,11460.704477344247
1,0,1,0,1,29,12,0.0,0.0,4463.1161947622095
1,0,0,0,1,34,11,12579.913409747265,1222.1947521094462,13032.359034557827
0,0,1,1,0,23,9,0.0,1108.0381362317548,9546.434209644081
1,0,1,1,1,23,10,1672.8837328709246,2628.096153210447,10997.698800052944
1,0,1,1,1,27,8,8321.46953799396,3130.200745498776,4815.47261127382
1,0,1,1,1,22,10,1383.3893213813672,3208.3961846549464,11913.764456580233
1,0,1,1,0,24,9,0.0,0.0,10352.69211700703
1,0,1,1,1,21,10,6986.540466258845,0.0,5225.159055010743
1,0,1,1,0,37,10,10348.750607279944,7807.184924138806,6792.08209427492
1,0,0,1,1,24,11,1692.97625343848,1433.03171305964,5302.862877340973
1,0,0,1,1,23,9,9519.81117744622,3620.0512921535665,16175.425013486903
1,0,1,1,1,20,9,6437.08278018919,3286.1057845280316,18721.86159280295
1,0,0,1,1,23,7,4489.415619773557,1572.9011897498885,5779.501054934433
1,0,1,1,0,19,8,6278.343411355362,1682.2356014584361,5303.891559137406
0,0,0,1,1,20,9,0.0,0.0,11531.617288978385
1,0,0,1,1,19,10,2143.6502053567424,759.0689326764148,4951.762655011688
1,0,1,1,1,18,11,4480.314781068477,2835.6365602765736,4620.396743187419
1,0,1,0,0,26,13,11345.03844193246,4153.318177674004,9669.42243657936
1,0,1,1,1,38,10,0.0,968.4436927625592,4322.292654116281
1,0,1,1,1,19,10,5185.980069955951,1536.2287298017657,4209.424305749452
1,0,1,1,1,34,9,12404.536467081467,5012.53316813236,4709.445249197542
1,0,0,1,1,16,12,46.77603200928479,378.58942864603307,10978.834401226604
1,0,1,1,1,24,9,0.0,0.0,13194.658738823127
1,0,1,1,1,25,8,1975.8419374706746,0.0,7051.929511080404
0,0,1,1,1,24,9,0.0,417.0068323274136,16178.913881943441
1,0,1,1,1,20,11,0.0,0.0,4298.535624976159
1,0,1,1,1,23,10,0.0,0.0,22276.943194099098
1,0,1,1,1,31,10,10698.779158116224,5708.403579150953,9612.387556061736
1,0,1,1,1,28,11,3893.846296770184,4701.516920537204,14808.446318468745
0,1,1,1,0,21,10,3148.6143734425495,1569.7702169102258,4095.760471833722
1,0,1,0,1,30,11,5428.7450980655185,3626.160003297853,4824.611229271543
1,0,1,0,0,30,12,10806.850847558422,2046.0929500340214,5220.31989355726
1,0,0,1,0,20,10,5018.476461182858,1067.1041098908051,7861.755948499913
1,0,1,1,1,23,11,4533.4954362137105,1611.5118323023316,11841.598910670678
1,0,1,1,1,35,10,4711.566957209857,6316.056593449243,12907.500263112262
0,0,1,0,0,29,12,0.0,0.0,0.0
1,0,0,1,1,22,10,2294.5445020707502,3523.1210075175572,9300.097852275248
1,0,1,0,1,25,12,0.0,0.0,18145.832371676923
0,1,1,1,0,18,11,3236.5097941096956,9672.08953515669,17137.507351808712
1,0,1,0,0,27,12,6249.941798885626,3444.9548089768587,1069.5277147933434
1,0,0,1,0,28,9,2866.3612325839385,3223.376900998561,1895.4146330210879
1,0,1,0,1,43,12,8425.246486046522,1882.3449681077434,12485.13941033405
1,0,0,1,1,19,10,7505.449184913951,7269.032142131452,15479.319778299156
1,0,0,1,1,28,10,0.0,0.0,13682.94188754151
1,0,1,1,1,36,8,0.0,0.0,15946.776169021065
0,1,1,1,1,26,11,4469.22121824066,5543.062127256369,12854.323389931193
1,0,1,0,1,24,12,0.0,0.0,13621.478352687025
1,0,1,1,1,46,11,0.0,3087.0756577899183,13610.919679028902
1,0,1,0,0,34,13,0.0,0.0,14587.368880465736
1,0,1,1,1,33,11,529.9373186930932,2078.482016798724,9394.713512565013
1,0,0,1,0,26,10,0.0,2732.847324991273,0.0
1,0,1,1,1,31,8,9156.56376858084,2451.20083959944,6226.546884953302
1,0,1,1,1,32,9,0.0,0.0,12361.473475959141
0,1,0,1,1,27,10,2900.188766262329,1996.1748390990742,7259.963459951887
1,0,1,1,1,21,9,0.0,1735.0008382586875,12853.26384705568
1,0,1,0,1,33,12,6339.076447566687,1414.158424614159,14203.468247911169
1,0,1,1,0,26,9,5787.849647388892,3848.9651774495665,2387.705939357167
1,0,1,1,0,23,11,9156.067820832346,0.0,0.0
0,0,1,0,0,29,11,0.0,182.22297947646643,8822.677265959186
1,0,1,1,1,25,10,0.0,116.04659157674337,4840.439800333562
1,0,0,1,1,18,11,10502.030231670364,3842.4138343133623,9379.710367536769
1,0,1,0,0,31,13,0.0,0.0,0.0
1,0,1,1,1,21,8,7296.526091057853,0.0,14233.861567760105
1,0,1,1,0,29,8,3892.8478199182177,10.184996048299581,4945.564506408106
1,0,0,0,1,24,12,0.0,422.26493259881045,4498.480107701586
1,0,1,0,1,28,12,0.0,0.0,4337.742554636006
1,0,1,1,1,26,10,6078.8330988304115,3373.283106553593,7856.569916192824
1,0,1,1,1,32,7,3733.7538377875376,0.0,6015.078004200786
1,0,1,1,1,34,8,0.0,93.72791725383559,12102.598015711315
1,0,1,0,1,29,13,5305.23485793836,2473.824411770343,6007.280397064696
1,0,1,0,0,26,12,7316.905353223772,240.86110891559838,6548.26813309594
1,0,1,1,1,35,8,11894.247128698826,3533.7011781621286,12163.714263361107
0,1,1,0,0,28,12,2605.7150515296275,4080.776437321616,6891.461616373574
1,0,0,1,1,16,7,0.0,0.0,19814.51907520455
1,0,1,1,1,23,10,1026.181100601598,1972.3053391173544,4972.399847381094
1,0,0,1,1,23,10,2300.9149913437363,1882.742548354871,4732.457748798175
0,1,0,1,0,17,6,0.0,0.0,4375.263888848878
1,0,1,1,1,29,10,102.94727102149727,0.0,5013.271107319264
1,0,1,1,1,25,10,2478.386856387356,2017.0262760945009,8445.578189009022
1,0,1,1,1,39,6,704.3311849148329,1366.8169426936784,5720.031356057956
1,0,0,0,0,22,12,7074.565058764267,2170.6775350065354,4180.075485499272
1,0,1,1,1,30,10,0.0,0.0,15920.241028263683
1,0,1,1,1,20,10,4617.498946679598,4074.349389668139,8517.680054850005
1,0,1,1,1,37,10,0.0,0.0,5193.048977638219
1,0,1,1,0,35,9,13282.641239866316,3852.786641655659,0.0
1,0,1,1,1,25,8,1082.3830686526853,1713.0027507684329,12256.886135684981
1,0,0,1,1,21,9,8484.109784064674,5638.147265088278,5957.348538810467
1,0,1,0,0,25,12,5204.897175732327,1966.8714976696165,4456.42942497842
1,0,1,1,1,43,11,1576.104608790633,2336.091521038542,4539.552930801163
1,0,0,1,1,23,9,881.3900561974931,1791.116655227745,5790.552256568214
1,0,1,1,0,32,10,1782.371342593965,0.0,1107.7223021370996
0,1,1,1,0,24,8,0.0,0.0,3147.046299886665
0,0,1,1,0,25,8,10149.778654657759,6140.442344320683,9061.857403548911
1,0,0,0,1,21,12,7920.214708393878,2743.1083964427394,7672.372530040346
1,0,0,1,0,24,11,5254.735299853352,5170.449152791214,0.0
1,0,1,1,1,34,11,406.62363459797643,1428.4768346183125,4843.009107306272
0,0,1,1,0,21,11,21795.107454734934,15744.692324046366,7137.032151748587
0,1,1,1,1,28,10,0.0,0.0,5476.942842465114
1,0,1,0,0,23,12,547.9483907907518,1379.319517516235,7535.64924800384
1,0,0,0,0,19,13,0.0,1641.645456273356,0.0
0,1,1,1,1,18,11,1543.3269179400538,1498.8948070463075,18857.93487381578
1,0,1,0,0,27,12,1996.2802878817206,2674.6548108577103,1173.2449597606324
1,0,0,1,0,21,10,0.0,1683.5619561780309,5207.114227160053
1,0,1,1,1,28,9,12083.016922263942,5882.020129729161,15898.558869819368
1,0,1,1,1,18,9,6350.324641037305,0.0,16204.083469946945
1,0,0,1,1,19,9,0.0,3586.053079944081,5687.436268550164
1,0,1,0,0,32,13,60.62785960315841,0.0,13360.360439479116
1,0,1,1,1,24,10,978.2553342420065,2315.9534384196677,16330.5027820076
1,0,0,1,1,24,9,1307.9516618351224,328.1130808586578,13686.258435664346
0,1,1,1,1,30,8,0.0,0.0,6268.359440366419
1,0,1,1,1,30,7,4789.4970167326555,2767.048345571975,4417.537727927688
0,1,1,1,1,23,8,1923.07502597954,3927.249351351327,16943.065229215827
1,0,0,1,1,31,11,1480.714317644221,3978.815433360647,13845.401588816105
1,0,1,1,0,26,8,5744.7659416362385,0.0,0.0
1,0,1,1,1,25,9,3001.9312766346784,474.8018770007104,13314.690533816989
0,0,1,0,1,28,12,587.5875352749491,207.76837368914164,11115.965857788742
1,0,1,1,1,36,10,4855.640906662035,1644.2916371087958,14011.267446399772
1,0,1,1,1,19,8,10702.68895586692,3836.567991163082,4645.503447028488
0,1,1,1,1,27,7,0.0,0.0,9562.580583644702
1,0,1,1,0,29,8,12139.26151798874,7572.941852216056,0.0
1,0,1,1,1,24,8,0.0,939.3834637673486,12019.077728279632
1,0,1,1,0,23,10,6469.149300415093,909.8850634397417,7133.51087654747
1,0,0,1,0,21,11,2751.9086799637557,2146.7760938966367,0.0
0,1,1,1,0,37,11,2220.6202704245607,14.704147633600314,6751.432332897104
0,1,0,1,0,26,10,0.0,0.0,6570.088834420284
1,0,1,0,0,25,13,4909.952933893259,1950.316319196975,12427.397300074914
1,0,1,1,0,23,7,0.0,0.0,2323.0426191435954
1,0,1,1,1,28,9,1300.26010779002,2059.5882083614797,9259.765722513537
1,0,1,1,0,27,11,0.0,773.1842967815926,3408.7601750806
1,0,1,0,1,31,12,6371.442831473974,764.3965102642396,16346.539154196638
1,0,1,1,0,27,8,11210.301945308169,6768.7392039513015,2440.4033036693545
1,0,1,1,1,30,9,1426.2729692090707,2549.2757231807377,4661.107402392896
1,0,1,1,1,20,9,6943.982307269241,0.0,5998.237704669382
1,0,0,0,0,19,12,0.0,0.0,2720.077542750988
0,1,0,1,1,19,7,0.0,0.0,4874.039557015312
1,0,1,1,1,23,9,0.0,0.0,6849.558715725422
1,0,1,1,1,33,10,246.3162834647262,910.6798104978855,10764.365074046329
1,0,1,1,0,20,9,11058.345059327195,0.0,10968.323826762764
1,0,0,1,1,26,11,0.0,0.0,5061.249801363447
1,0,1,1,1,18,11,9577.575346344387,1183.693071008196,4730.098273875023
1,0,1,1,0,21,11,0.0,0.0,3717.2522540277278
1,0,1,0,0,25,12,0.0,0.0,9838.278532665763
1,0,1,1,1,26,10,0.0,0.0,10605.17182432156
0,1,1,1,0,25,7,2717.465709954899,1885.4010365379468,4356.9678330542265
1,0,1,1,1,24,11,1775.3026518398808,538.9695756353317,5528.573895012485
1,0,1,1,0,42,11,3026.556169377663,1132.0096077607584,9138.234469658602
1,0,1,1,1,20,10,2538.7756080491868,2569.4614689680257,7809.164041897782
0,1,0,1,1,20,10,4600.653748458023,4989.720846390615,14168.295682398268
1,0,1,1,1,34,7,0.0,0.0,8264.642012762739
1,0,1,0,0,42,12,0.0,593.1050787604886,5916.8562155797845
1,0,1,1,1,34,10,1839.8208701681765,4376.659260503235,5252.4706776344265
0,1,1,1,1,28,6,913.2725853339014,0.0,6351.828966985682
1,0,1,1,1,22,10,6785.673081198554,3817.2245249303796,6974.379642030433
1,0,1,1,1,29,8,2330.570757951168,0.0,6497.115863034566
1,0,1,0,1,31,12,6311.239349870371,2980.57189272514,6104.478098330983
1,0,1,1,0,25,10,0.0,0.0,10900.647647500771
1,0,1,1,0,31,10,8161.665257357812,2255.9372348688785,16894.80283991186
1,0,1,1,1,22,10,1868.755645906369,0.0,4449.557371519852
1,0,1,0,1,17,12,0.0,0.0,4566.116902403173
0,0,1,1,0,22,11,5571.409125747831,158.8353219011965,1293.0850242593815
1,0,1,1,1,25,11,8843.402841747627,1760.560762992976,9895.591189133436
1,0,0,1,1,23,9,0.0,0.0,5646.246599983724
1,0,1,1,1,34,9,1890.7100191976656,0.0,17326.38678847914
1,0,1,1,1,36,9,2768.7885484700164,0.0,8022.139312766535
1,0,1,1,1,28,10,0.0,1041.8282442449413,8580.023327715746
1,0,1,1,1,26,9,0.0,0.0,6936.409885483203
0,1,0,1,0,34,10,2601.6852943610847,1934.4402068317963,11066.723531814208
1,0,1,1,1,27,9,1915.2153494562315,245.26428631986482,8789.319195211681
1,0,1,1,1,28,8,0.0,134.23690299848863,17644.80372214135
1,0,1,1,1,25,8,0.0,1552.8557073694449,11185.485285177032
0,1,1,0,0,34,12,0.0,0.0,6669.123672478642
1,0,1,0,1,35,12,0.0,0.0,6939.802766070292
1,0,1,0,1,23,12,0.0,0.0,7863.0548585312235
1,0,1,1,1,19,9,3764.7902206193858,674.2217289345895,12656.568364828949
1,0,1,1,1,34,10,0.0,0.0,10554.62238124329
1,0,1,1,1,24,10,0.0,0.0,11842.690126470778
1,0,1,1,1,20,8,0.0,3845.310777219327,8773.833185225276
1,0,1,1,1,32,11,0.0,0.0,4513.896802564379
1,0,0,1,1,22,11,1879.9121034595123,364.0559477935292,8713.810921583396
1,0,1,1,1,17,13,0.0,0.0,6949.5576631076565
1,0,1,1,1,30,10,4561.430734845495,1654.7717792650456,5522.495179987399
1,0,1,1,1,42,9,0.0,1788.8309406224334,3921.503029731328
0,0,1,1,1,22,10,1392.402169453137,0.0,13142.32621414468
1,0,1,1,0,31,9,0.0,2395.3405367477367,4005.149879040607
1,0,1,1,1,22,9,970.431319879242,0.0,14270.265724360004
1,0,1,1,1,30,11,1492.2396795631332,4144.975597488031,12852.33544262511
0,0,1,1,1,24,8,4354.117165407105,836.0185460940593,21819.00801499075
1,0,1,1,1,30,9,6122.320326017988,69.79825169662854,9555.721112095027
1,0,0,1,0,22,9,0.0,0.0,3003.6790249347273
1,0,1,1,1,27,10,3984.767089863307,0.0,4364.293863529245
0,0,0,0,1,25,12,0.0,195.90038689647872,31191.61271072666
1,0,0,0,0,29,12,7474.290830558464,373.7785079530245,976.5820841148284
1,0,1,0,0,35,12,6707.532383087382,4068.6262644742255,9854.561549208016
1,0,1,1,1,26,12,2559.712402277057,1020.7326535367191,14895.440385700047
0,0,0,1,0,22,10,6952.223708003199,4659.802328472675,3785.8926744919972
0,1,0,1,1,20,13,1486.9109246332443,277.1178801628697,13995.244429031876
0,1,1,1,1,34,12,505.7088419216643,0.0,7910.948593489451
1,0,1,1,1,27,10,5998.492171264307,6517.2919133812065,18112.937092203272
1,0,1,0,0,37,12,3489.646299661482,2596.061193251452,0.0
1,0,1,1,1,19,11,0.0,0.0,20562.607558037213
0,1,1,1,1,36,6,2975.0481174187353,2197.037910087404,7459.871216102048
1,0,0,1,1,17,12,0.0,0.0,12165.436086849844
0,0,0,1,0,20,11,14485.8521929773,9019.782000448668,1573.5636482294685
1,0,1,0,1,26,12,3291.928889309598,3517.5888493887624,5887.990947921657
1,0,1,1,1,30,12,3447.9970655230827,0.0,11876.27847057867
1,0,0,1,0,17,8,0.0,0.0,0.0
1,0,1,1,0,28,9,0.0,0.0,0.0
1,0,0,1,1,16,10,0.0,0.0,7993.8505238895505
1,0,1,1,1,30,12,4008.042001861908,3010.1278905791196,10138.431289952598
1,0,1,1,0,23,11,0.0,0.0,10543.865069715015
1,0,1,0,0,32,12,8141.230827523776,0.0,5442.3037524762885
0,0,1,1,0,21,10,1195.3292656796148,329.42829645886377,3724.911429338361
1,0,1,1,0,23,12,0.0,0.0,7647.283827005294
1,0,0,1,1,26,9,3250.6200031208873,0.0,15364.8703067055
1,0,1,1,1,22,9,9260.867466820968,7261.101260220143,5585.760737643318
1,0,1,1,1,28,10,0.0,0.0,10490.495217693744
1,0,0,1,1,25,9,3522.958715561259,1291.8500958713164,7624.458358762428
1,0,0,1,1,17,8,7072.546923140492,3495.1294213596884,5377.218631781137
1,0,1,1,1,25,9,0.0,0.0,9510.589026344625
1,0,1,1,1,33,10,0.0,634.8619471913981,4532.344066943149
0,0,1,0,0,28,12,0.0,31.543130963659394,6469.610367299627
1,0,1,1,1,19,8,0.0,0.0,5614.753586423941
1,0,1,1,0,34,10,0.0,0.0,2628.4779972804954
1,0,1,1,1,28,11,6947.8665087183435,3579.450533840102,6598.87622994368
1,0,0,1,1,20,10,0.0,0.0,8801.942466299559
1,0,0,0,0,30,12,1515.6804348068,0.0,3929.1769570760134
1,0,1,1,1,17,10,12569.76440196663,4121.89436802907,10181.203938975272
1,0,0,1,0,23,11,1291.6655768258104,1342.1441023014072,9389.302260422322
1,0,1,1,1,23,8,1109.2548281892557,2544.554694639156,15800.09072611434
1,0,1,1,1,22,11,0.0,0.0,13926.034982087858
1,0,0,1,0,30,11,9467.966217584397,3317.124178390082,8021.64828253657
1,0,0,1,1,16,10,0.0,0.0,16087.933404811312
1,0,1,1,1,30,11,0.0,0.0,4697.537771305074
1,0,1,1,1,26,7,1325.489452462352,0.0,18577.4874515165
1,0,1,1,0,30,6,8038.234942122206,1278.781177281806,15460.01711096627
1,0,1,1,1,22,9,0.0,0.0,7043.6217286726915
1,0,1,0,1,18,11,0.0,705.6059983599278,11333.295882732571
1,0,1,1,1,41,11,3163.5977773542336,6047.379000387436,4854.471086074467
0,1,0,1,1,18,7,0.0,1016.0000812664484,11884.592077383193
0,1,1,1,0,24,9,811.0275189991753,0.0,8155.000063180058
1,0,0,1,1,16,10,5986.3214885464695,162.2966245170993,9100.201769096475
1,0,1,1,1,36,9,0.0,4313.081629993632,7773.206374826128
1,0,1,1,1,25,9,0.0,797.1590401473047,9651.67532169646
1,0,1,1,0,26,10,0.0,0.0,7133.53213586228
0,0,0,1,1,17,10,0.0,0.0,6178.0650608622855
1,0,1,1,1,25,8,5489.443860347445,3183.885614683029,9035.272890900527
1,0,1,1,0,26,9,4093.8687727156785,4669.39893881555,0.0
1,0,1,1,1,42,9,8937.898039971751,698.9097648580671,5169.600260518435
1,0,1,0,1,28,12,0.0,0.0,5063.650252223128
1,0,1,1,1,37,11,63.01789066096808,135.29625690492185,8078.134037827528
1,0,0,1,0,21,10,7731.598767553392,0.0,2354.2258708819345
1,0,0,1,1,16,11,0.0,0.0,8328.856399990935
1,0,1,1,1,21,9,6345.914177947994,3077.8476928396494,10974.078614027574
1,0,1,1,0,19,9,4978.666469629135,0.0,8037.467612552546
1,0,0,1,0,34,8,2558.3963429221626,371.42545284919674,0.0
1,0,1,0,1,30,12,11761.589492424115,1205.2028746618716,14547.133661852786
1,0,1,1,1,23,10,2366.783481184206,2180.9948020714482,6976.514795421519
0,0,1,1,1,24,7,0.0,820.8017722435193,12451.11840444429
1,0,0,1,1,21,8,1411.2132223408485,0.0,11116.247076829906
1,0,1,0,0,23,12,5926.706171550604,942.7473508236687,570.2129812074345
1,0,1,1,1,24,10,5340.852976746788,705.8223267485632,16039.63563720795
1,0,0,1,1,17,7,0.0,0.0,9494.474908360833
1,0,1,1,1,27,9,4344.34845124164,518.53956217932,13913.46643461944
1,0,1,1,1,27,9,98.49055055119334,232.99856472456668,15189.622831583922
0,0,1,1,0,24,10,11163.549577959217,5562.9191430646515,6709.395899180945
1,0,1,1,1,36,10,2004.10284361931,0.0,13688.282881705712
0,0,1,1,0,27,8,0.0,0.0,8540.693822148822
1,0,1,1,1,25,9,0.0,851.0056169646023,5053.358777340537
1,0,1,1,1,24,11,0.0,105.98391572246601,10006.00530413376
1,0,1,1,1,30,12,1777.0253355145223,6400.919894323262,9320.62455818628
1,0,1,1,1,30,10,0.0,2685.0499172203263,11823.02957879464
1,0,1,1,1,34,9,0.0,1423.5015002532473,5461.032498105793
0,1,1,0,0,33,12,0.0,0.0,6678.804488093125
1,0,0,0,1,20,12,0.0,839.4756440730084,5327.177467200464
1,0,1,0,1,30,12,13988.909539052705,3860.766165683225,20900.536539029184
1,0,1,1,1,30,8,3711.8710257719995,1059.0490176291764,8212.458353176571
1,0,1,1,0,33,8,0.0,890.1649351927276,2853.78852351959
1,0,1,1,1,30,10,9519.46652786433,5161.594200765598,16663.90800349217
1,0,0,1,0,31,9,4744.491776360357,4263.298999068437,0.0
1,0,1,1,1,32,8,0.0,909.1107121740149,14262.448850904562
1,0,1,1,1,19,9,7389.57767659866,270.2293773612846,11246.791696758815
1,0,1,1,1,33,9,6482.330021746866,3267.945004905565,5579.414246191238
1,0,1,1,1,34,11,0.0,1394.1598223635276,11415.876284970489
1,0,1,1,0,25,12,0.0,0.0,9647.733034311139
0,1,0,1,0,25,8,0.0,0.0,0.0
1,0,1,1,1,23,10,4214.601606253587,383.6883233958812,4897.124084625542
1,0,0,1,0,34,8,3126.6517358052934,0.0,10009.120623424133
1,0,1,1,1,37,10,0.0,1525.0511713101027,8983.70659117753
1,0,1,1,1,30,11,546.5680434730848,285.04158168106403,8960.715475123343
1,0,1,1,1,34,11,2435.947914884138,2417.2957407460167,6629.384057795314
1,0,1,0,0,17,12,2702.232429321673,1434.635647917692,5422.528589839065
1,0,1,0,0,36,12,3493.8932749231217,354.00544173092374,6195.536929051426
1,0,1,1,1,23,9,0.0,0.0,5146.347092073313
1,0,1,1,1,23,7,784.5361561987002,0.0,12279.325458653835
1,0,0,1,1,30,11,4338.352231703348,1078.0146758823983,13471.715136416278
1,0,1,1,1,33,10,3510.5306352707503,623.8562514539188,14822.921316965188
1,0,0,1,1,22,10,10492.709568681395,2223.354059622072,5673.956987070835
1,0,1,1,0,32,10,8109.678656685525,3364.6307007404903,13788.84519585613
0,1,0,1,0,16,8,497.2741866632001,3217.842849192207,13017.620793295682
0,1,0,1,1,17,11,3995.3095071604075,5855.068391147585,12179.459672211633
1,0,1,1,0,36,12,0.0,428.4984560086732,9423.832190762092
1,0,1,1,0,22,10,7459.240974973501,4210.272092837302,6490.121057724251
1,0,0,1,1,22,11,102.19468577442603,1472.0653289062052,6180.397673640777
1,0,0,1,0,17,8,14131.632306152002,2075.532659499624,13682.375121529883
1,0,1,1,1,33,8,7775.78907434429,3564.855305613793,10059.30799537451
1,0,1,1,1,34,9,3942.561414181596,858.3124459504629,8466.045301403426
1,0,1,1,0,32,9,1716.222479266674,0.0,5053.540632236299
1,0,1,1,1,32,6,0.0,0.0,11275.293401201245
1,0,1,1,1,23,12,11005.527895511848,5856.2128400505835,12404.481129567848
1,0,0,1,1,42,10,0.0,4050.8734904767075,17016.419344919508
1,0,1,0,1,20,13,0.0,0.0,10152.517021918562
0,0,0,0,1,30,13,3507.387968034547,561.60400537172,10235.09450707681
0,0,0,1,0,18,11,14360.79155279078,12487.768488782853,0.0
1,0,1,1,1,33,9,658.460352857526,0.0,4945.284021844768
0,1,1,1,1,30,11,5370.53189332055,9242.597598851376,15846.763108946223
1,0,1,1,1,37,10,0.0,0.0,4585.940645774625
1,0,1,1,1,28,8,0.0,2383.939289763867,10990.142245158453
1,0,0,1,1,16,8,0.0,0.0,13512.183264265821
1,0,1,1,1,28,10,558.9281896313184,0.0,5689.46462831174
0,0,1,0,0,27,11,0.0,114.25964044345159,17290.01996406732
1,0,1,1,1,29,11,8523.429775973429,3423.1916872833576,5413.773661160954
1,0,1,1,1,29,9,0.0,700.4520079537316,6288.135257110043
1,0,1,0,0,20,12,4798.282081102456,2161.5540641485472,0.0
1,0,1,1,1,17,11,0.0,0.0,11218.948442100067
1,0,0,1,1,19,10,14373.034125645976,2850.036940909641,10012.68385683365
1,0,0,0,1,39,13,4557.529726200151,2075.603416695503,14540.645693833867
1,0,1,1,0,45,10,0.0,1250.275900335121,4479.039495289321
0,0,0,1,0,25,9,17189.29116333923,13794.30985311506,9380.18905543617
0,1,1,1,1,28,8,0.0,0.0,5880.063128798298
1,0,0,1,0,18,9,5849.490935734886,2839.1634195696306,9064.687982386142
1,0,1,1,1,24,9,15029.97417747376,7001.632708309273,15170.88243978556
1,0,1,1,1,23,8,7365.035291250882,4139.075675114241,8946.63665180641
1,0,1,1,0,29,12,3281.414566394198,5617.795678427162,2664.7797410152543
1,0,1,1,1,19,10,0.0,0.0,4444.78782786239
1,0,0,1,1,16,11,0.0,0.0,16608.49286915736
1,0,1,1,1,33,12,226.88574688798258,533.1634617601335,17830.945112356712
1,0,1,1,1,23,10,2925.394522413445,2535.353912884128,21390.889543428304
1,0,0,1,1,23,9,9443.720610794695,5764.001116658468,7700.650994107321
1,0,0,0,1,25,12,12128.647484673447,3867.3929832778476,16182.879959654405
1,0,0,1,0,25,7,0.0,0.0,3115.5188214965906
1,0,1,1,1,32,9,6564.683609547731,1464.657439647992,11547.35453875397
1,0,1,0,1,23,12,2175.6280595727276,0.0,5025.57472904379
1,0,1,1,1,22,9,2159.92877829722,453.58399081350046,20674.06064524585
1,0,1,1,1,29,8,12161.221472680467,3743.7025855475763,6106.305115670384
1,0,0,1,0,19,11,0.0,841.5854427349111,10912.285540352339
1,0,0,1,1,17,10,0.0,0.0,13631.310406481462
1,0,1,1,1,29,10,6538.918068347897,2733.334940491938,5201.23293768963
1,0,1,1,1,28,7,10580.262996351637,2822.908335537322,5813.249866484187
1,0,0,1,0,25,11,3610.835125014837,0.0,10972.926067855222
1,0,1,1,1,34,13,0.0,2483.2771143612144,5755.9026798141485
1,0,1,0,0,25,12,0.0,486.71583977750356,3836.592246044768
1,0,0,1,1,16,10,0.0,0.0,7828.956847126827
1,0,0,1,0,21,10,5201.53753116627,0.0,9248.6643990597
1,0,1,1,0,31,11,1129.3545265451032,0.0,13515.07116106175
0,1,1,1,1,24,11,4464.161754748186,4422.703539003107,21730.81181220132
1,0,1,0,1,26,12,0.0,0.0,5399.851897057168
0,1,1,1,0,31,10,1127.565592038583,2914.355782084462,8615.15039672341
1,0,1,1,1,21,9,1561.8669664309054,0.0,17056.937227660394
1,0,1,1,1,27,11,0.0,246.22685865505298,9995.481905680736
0,0,1,0,0,30,13,2771.162480759117,712.105897094827,1735.6546969554383
1,0,0,0,0,27,12,0.0,0.0,0.0
1,0,1,0,1,28,13,5576.4875349714475,3069.899226831558,20271.152750343383
1,0,1,0,1,28,12,0.0,0.0,6175.088411954782
1,0,1,1,1,20,10,0.0,1319.4800718003378,6902.574494778294
1,0,1,1,1,38,9,2310.8233828777156,0.0,10737.726479628742
1,0,1,0,0,25,12,1784.9509666573522,0.0,9549.808238015972
1,0,0,1,1,16,9,4245.964167191389,1958.969826847442,4795.305038789844
1,0,1,1,1,26,9,0.0,0.0,10467.424245000311
1,0,1,1,1,42,11,0.0,0.0,9341.676573592675
1,0,0,1,0,21,10,16747.530843498997,7286.5951156650035,1447.9593382262815
1,0,1,1,0,34,8,0.0,0.0,11410.79554272115
1,0,1,1,0,26,10,226.2707039227846,987.2062569745715,0.0
1,0,1,1,1,38,10,4599.477998124399,1350.74480480694,8014.6305448430485
1,0,1,1,1,34,9,1422.089786186073,0.0,5168.527008795792
1,0,1,1,1,27,10,2914.115101264761,3491.1762631168567,5326.4418074561345
1,0,1,1,0,28,9,0.0,0.0,0.0
0,0,1,1,1,23,12,13573.976071530711,7230.002890198456,6995.219708418188
1,0,1,0,1,28,13,0.0,0.0,10360.9227975772
1,0,1,1,0,24,9,0.0,569.7848741309133,0.0
1,0,1,1,1,18,8,7273.019264517863,527.6470899443207,6055.552906772037
1,0,1,1,1,36,9,0.0,0.0,12158.555487924195
0,0,0,0,0,25,12,202.0787159940204,0.0,3713.550539853687
1,0,1,1,0,33,9,4607.77926937727,975.4678601677564,0.0
1,0,0,1,1,21,10,1713.8744931941108,1237.0378122056873,5913.404833157368
1,0,0,1,1,19,10,0.0,0.0,12384.212948040298
1,0,0,0,0,18,12,941.6819221976896,252.2609292586834,7826.457151012085
1,0,1,0,1,34,12,0.0,0.0,5571.583420981883
1,0,1,0,0,31,12,1265.1708233570464,3164.8586869402425,8493.836420234871
1,0,1,1,0,28,9,0.0,2746.0654858437865,6736.97808422513
1,0,1,1,0,33,6,7237.839808718904,1280.6080703116818,3684.7677922207636
1,0,0,1,0,26,11,0.0,1216.4765078885657,1470.6862581970554
1,0,0,1,1,25,11,1613.2014448513223,1762.9887131884175,7186.181612926646
1,0,1,1,1,36,10,7795.558506472726,8332.757843898902,3646.7279672875907
1,0,1,0,1,33,12,1264.7622465935042,312.2030249319364,12448.284759736014
1,0,0,1,1,16,11,0.0,0.0,10861.720653451268
1,0,1,1,1,22,7,0.0,0.0,11124.126606194832
1,0,1,1,1,35,13,0.0,0.0,8917.441617801802
1,0,1,1,1,40,10,0.0,0.0,14468.72483339654
1,0,1,1,1,28,11,0.0,1178.3826324120287,9839.971132851453
1,0,1,0,1,24,13,5527.068276090817,0.0,14425.962154154533
1,0,0,1,1,26,10,2813.637282516633,1029.6632803193152,7530.129318251416
1,0,1,1,1,25,8,0.0,0.0,11203.922807467918
1,0,1,1,1,21,11,1872.2391293668863,3444.840772616379,5538.739513684872
1,0,1,1,0,20,11,2398.8045422093824,797.19519110092,0.0
1,0,1,1,0,26,9,0.0,354.45365777605195,13990.664906310762
1,0,1,1,1,26,10,11023.76174748602,4042.605482329379,10945.800108134532
1,0,1,1,1,27,11,6366.4193997639795,2133.7182824637534,5896.140040562434
1,0,1,1,0,29,9,0.0,0.0,10823.557792487614
1,0,1,1,0,31,11,0.0,0.0,2400.8242052178903
1,0,1,0,0,26,12,0.0,0.0,0.0
1,0,1,0,0,28,13,0.0,1174.1456754271135,7961.144120919551
1,0,1,1,1,28,11,0.0,0.0,6222.782836807766
1,0,1,1,1,26,11,4957.773816077239,0.0,5162.942065676907
1,0,1,0,1,25,12,1706.1579902807493,1239.9396715660373,7425.066471651382
1,0,0,0,1,18,12,0.0,1029.1532020916852,4891.377112681066
1,0,1,1,1,25,11,1344.7248313052498,2907.2134510351316,9188.30803062052
1,0,1,1,1,33,10,0.0,0.0,10700.90044466221
1,0,1,1,1,25,9,8179.64932030051,1218.2319037469745,10809.108649750078
1,0,1,0,1,29,12,166.74811564140964,1774.9282860846583,8105.3848427639805
1,0,0,1,1,28,11,2950.2761001245,555.8865095965582,10074.696740659825
1,0,0,1,1,28,7,2246.423110155659,593.7871110737372,9143.91576655093
0,0,1,1,1,21,10,12043.154511490578,6606.991981759634,14089.949213269607
1,0,1,1,1,35,12,2146.4648324010977,0.0,11820.38130060125
