black,hispanic,married,education,treat,age,re74,re75,re78
0,0,0,11,0,21,0.0,0.0,1572.9313731199254
0,1,1,9,1,45,31290.078029727298,30405.905364371923,51989.59649855275
0,0,1,15,1,32,19651.522198645052,35313.77195292376,44591.732142563174
0,0,0,10,0,20,12806.94781082754,10820.684512703261,0.0
1,0,1,9,0,29,2179.170220934322,5657.488231930962,30083.371999152325
0,0,0,14,1,19,26075.87147142656,13957.315426204806,45657.430782248324
0,0,1,11,0,29,16266.106520935595,4373.445184121767,21313.869105494057
1,0,1,9,0,23,10651.633975412664,16025.563496770157,34015.234720452565
0,0,1,9,1,37,24491.849453120558,28457.803328667353,39814.492323700004
1,0,1,10,0,32,24894.04076940296,27413.821638803303,36470.96077352152
0,0,1,12,1,37,8615.854528908463,4378.005684607757,4545.534556266446
1,0,1,7,0,40,28.097370694060373,563.4047485479714,3599.555769796878
0,0,1,15,0,31,24160.990241661013,22765.932089011298,40947.90937756434
0,0,1,16,0,60,42416.63796384816,36952.40053125374,56802.591147140694
0,0,1,10,0,27,23561.89387042598,20063.298877811903,20881.06208803568
0,0,1,12,0,28,15576.983413512364,17014.366236582704,37990.49400295909
1,0,1,5,1,35,15802.66347539373,20757.302322973454,6038.736828394439
0,0,1,14,0,39,32608.35925250526,41838.62549212921,33597.41844916287
1,0,1,11,1,23,12874.186478772011,6566.06330642244,14348.260506444325
0,0,0,15,0,28,14994.152114737608,15062.496603076208,12191.689444087328
0,0,1,5,0,41,3169.057455076989,0.0,0.0
0,0,1,10,0,44,27320.541048828214,14045.833695205374,29757.427111859513
0,0,1,19,0,27,25747.086354202344,30630.20334956186,16889.47806273508
1,0,1,17,1,24,31207.37870682511,28787.843267753506,44749.353312907806
0,0,1,14,1,36,35029.06635020593,34606.19919694617,42335.934527073616
0,0,1,15,1,34,10876.912272254807,0.0,8614.082199066517
0,0,1,12,1,35,22073.836926144842,20803.789596756345,26408.319578653776
1,0,0,12,1,20,0.0,0.0,14086.729591141157
0,0,0,11,0,40,25652.00774675823,41720.39535972988,38166.76726428335
1,0,0,11,1,19,19191.473614485665,17347.464021054155,29754.312084590412
0,0,1,10,0,36,26904.555752763255,19055.60097822181,20154.717680357262
1,0,1,10,0,30,15753.995859009308,15834.690683642995,11304.895340402029
1,0,1,13,0,38,19082.596085530702,14960.957191526935,22150.304047889695
0,0,1,9,0,29,10677.564676844884,28251.74911441104,25669.126382723825
0,0,1,13,0,44,25153.004252549916,26939.454669876737,32530.352962023433
1,0,1,5,1,52,16303.419229703413,22119.461822064633,23696.52998050884
0,0,1,10,0,31,27173.66253342694,17013.64818424559,25812.335169991013
0,0,1,11,0,44,0.0,0.0,0.0
0,0,1,12,0,35,39105.48677536819,30222.182166628034,40350.168209773794
1,0,0,12,1,37,8515.464731074357,4946.239705733871,20029.303796542044
0,0,0,13,1,18,2714.0756477587383,8575.16057133804,14759.367112028227
0,0,1,10,0,47,32855.9156048338,28186.38003431153,28715.19596610149
1,0,1,7,0,24,5349.002455560601,0.0,11495.668453913888
1,0,1,13,1,25,9152.963771625757,12796.411298727458,18425.188602261507
0,0,1,10,0,33,26927.348466035528,26905.52410562014,25158.251770576706
0,0,1,16,0,47,7157.7621996967755,6380.14494709318,7456.172395801721
1,0,0,11,1,17,24876.78947834376,14278.889771160217,45475.73846979345
0,0,1,12,0,26,44313.83873691535,40165.59571972879,56511.90684893882
1,0,1,15,0,34,36268.67890765116,31372.270673779974,45390.608814579704
1,0,1,11,0,30,29356.746524728173,16760.83272557809,29499.68593464585
0,0,1,14,1,41,21142.606169576353,28266.548642415237,23621.471385237866
0,0,1,13,1,27,38108.22349191016,33183.371917919765,29774.091159487598
0,0,1,17,0,51,20022.40111160047,7489.559358021541,7476.441801898927
0,1,1,8,0,37,3999.107177486112,15095.897936075002,28914.981156710564
1,0,1,9,1,51,18794.639236492083,14804.490424472227,10729.512475553154
1,0,0,11,1,18,12210.32677292084,14765.929512732686,8942.782833766509
1,0,1,13,0,42,15245.388938605167,9133.015336080543,4221.379672761379
0,0,1,11,1,42,16655.19508412625,12372.53235753697,29667.724956634862
0,0,1,11,0,42,22934.99940069539,16602.171644889982,21320.479865450463
0,0,0,11,0,17,9088.126856271094,10805.710037721446,0.0
1,0,1,10,0,47,19793.847195253227,15006.113757969488,16367.587952771906
1,0,1,15,1,23,11188.652775008908,11102.402897473838,26665.098805650905
1,0,1,8,1,27,2399.5914458926654,3741.953096247602,16098.910101808346
0,0,1,18,0,37,0.0,198.42626966805983,9852.821115715034
0,1,1,7,0,26,17424.22495732733,28663.763175743727,21168.514426004087
0,0,1,22,1,33,30858.41656600537,28712.026350077045,26967.039097113597
0,0,1,13,1,33,4626.982312711971,18012.164386864002,47806.816471029706
1,0,1,11,0,34,16729.41436819623,21674.14947497859,31120.139704855315
0,0,1,15,0,27,22718.933927262842,15740.713484981381,8410.055924544673
0,0,1,12,1,49,43407.48087428804,43925.597973521115,51278.41340674687
1,0,1,10,1,46,29314.148578705055,30902.410534148854,38163.69385266143
0,0,1,9,0,33,4406.723958549814,7797.918917932759,4888.509931770124
0,0,1,13,1,30,14770.614339545311,15650.677743981156,44865.7619475303
0,0,1,9,1,42,11845.24542478342,13267.93249013125,20461.069039534435
1,0,1,8,1,35,8364.37632054053,6545.673295215423,10503.857430159216
0,0,1,13,1,37,19459.68381862419,25592.676218984117,35172.3161704192
0,0,1,15,1,32,33380.172921610065,31907.344395516444,49778.81406897646
0,0,1,13,0,45,28488.389956278283,15172.121701624634,8065.163830594627
0,0,1,9,0,37,16032.614766378767,15955.814275856528,25077.012062255555
1,0,1,4,1,45,2237.508389974537,0.0,5007.151457564021
0,0,1,14,0,32,43641.30208391118,38332.480710254706,39707.17875860007
0,0,0,16,0,33,41190.90566324506,43120.63773656823,52760.05887105006
0,0,1,13,0,29,0.0,0.0,0.0
1,0,0,9,0,24,18427.03313307827,14611.598051076251,6809.168268503474
0,0,1,12,0,35,28097.746442155916,19359.15507508438,1171.4181115075044
1,0,0,14,1,32,0.0,1958.3732082479528,6172.161688181789
1,0,0,14,1,31,26889.431896762788,19008.38522523208,35367.94186143989
0,0,1,18,1,29,15081.06002440751,11817.818264239808,23579.746699648407
0,0,1,11,0,43,24921.974562536427,18487.050510898807,13587.567369641829
0,0,1,12,1,43,21427.835193624574,6464.947893690292,13422.161354097632
0,0,1,14,0,37,27484.05180239763,16691.181996463776,28495.774812198462
0,0,0,15,1,28,27471.962699841893,28238.634507397983,33974.8335783481
1,0,0,19,0,32,26872.68542497363,27823.787935321372,13303.60891272981
0,0,0,14,0,36,22385.836402882756,26156.348803054523,27298.754436484087
0,0,1,12,1,43,6181.589695520437,4073.5961800138975,8953.187638481864
0,0,1,11,0,31,27909.30004386972,39929.23147752802,50182.7489783809
0,0,1,14,1,33,42165.94946372705,36404.40238485885,59863.80790162786
0,0,1,10,0,43,16033.621311001727,11629.013615852095,0.0
0,0,1,16,1,42,28679.52279139419,25584.232966467185,45491.80413404753
0,0,1,16,1,44,31400.62143555254,33022.464151743035,22708.94140057807
1,0,1,12,1,42,17529.073719935324,20082.000436838836,39285.04817929101
1,0,1,7,1,38,15366.65039772749,15422.341639315155,31001.689496751307
1,0,1,15,1,27,1548.0320705256581,6629.888708944192,5839.674547936618
0,0,1,13,0,25,39581.88461130224,33339.92702009203,39248.20032836979
0,1,1,10,0,39,11132.0674518852,7809.235875119981,18547.546340055316
1,0,1,5,0,44,16746.51729059251,16915.987666161414,17567.756790354382
0,0,1,8,0,33,11585.716476954636,3921.305017852046,36643.638125889905
1,0,1,10,0,33,13959.54395283619,25469.981510619742,23349.301819177705
0,0,1,13,0,40,21982.710577886563,10734.593143280463,22430.22281405002
1,0,1,12,0,33,8050.301513818991,9997.225230025202,12969.641622711932
0,0,0,11,0,19,10159.184240871733,8629.623005709454,28810.84735065254
0,0,1,11,1,24,17114.38891733714,17543.058162861606,31114.937498185554
1,0,1,11,1,37,35556.313433544216,25925.488623261692,25753.51417696971
0,0,1,10,1,33,35665.477119954245,28780.5509618153,4885.411041660734
0,1,1,13,1,45,39988.345899949636,33513.36077676228,19051.708357658867
0,0,1,15,0,30,45242.321362665374,39315.214407380525,43416.67434675919
0,0,1,15,0,30,27006.17502282097,24463.900670420953,13176.401591527738
1,0,1,18,1,18,20234.68078386606,11004.215858570147,5505.280136003045
1,0,1,12,0,51,13488.093261616184,14782.078578661718,23946.492332169746
0,0,1,12,0,51,38226.00537807004,32689.542753273276,28854.886587868128
0,0,1,16,1,21,23296.808372534277,14682.971127555847,11111.886203499544
0,0,0,10,0,41,30022.712051117218,28283.244515488674,36096.33451488941
1,0,1,9,1,29,15966.809296279067,13354.17564291454,22237.00693690365
0,0,1,16,1,30,3453.031219142493,0.0,17435.983841535563
1,0,0,16,1,20,8251.631938167575,6836.21876727342,16813.57063703691
1,0,1,7,1,29,3366.9997430399253,0.0,4566.849849236679
0,0,1,14,0,37,38971.71364511972,41238.7419534486,28525.721734320552
0,0,1,14,0,66,37993.545361012875,46024.047117551396,25788.953385868426
0,0,1,10,0,30,12958.964732542454,6184.723557002351,20636.640918318433
1,0,1,7,0,43,29087.197516432716,30821.25366790144,37559.6653878319
0,0,0,10,1,25,32230.143988209315,37526.40755892518,56664.33261314759
0,0,1,10,1,43,37961.425049697136,29260.487324040103,55944.20413568083
0,0,1,12,1,24,21947.714872512,7618.696763221764,33188.76993166825
0,0,1,17,0,25,37649.91657108526,34624.44513458789,51448.93204119777
1,0,1,12,1,36,23928.006317457413,22245.596983489682,13924.938787447509
1,0,1,8,0,35,0.0,0.0,0.0
0,0,1,9,0,43,0.0,3246.106764847671,10405.025950181005
0,0,1,12,0,42,30651.397822171268,25447.44389462126,7624.477114638719
0,0,1,12,0,26,8480.344046889351,17245.85164327136,21214.863192654568
0,0,1,6,0,42,5267.770551851096,0.0,0.0
1,0,1,4,0,31,18311.06459759324,11652.669277073343,7183.54723951348
0,0,1,11,0,18,53270.35101447697,48391.762083460715,62002.1513446151
0,0,0,14,0,23,43177.39794340569,45577.8008592788,41783.12472087701
0,0,1,15,1,36,22292.886051101694,22452.240859470774,25852.988474067355
1,0,1,9,1,47,25257.07800819948,11934.269367435205,18568.408074982653
0,0,1,15,1,40,0.0,0.0,5830.027465772376
0,0,1,14,0,46,19041.798009827253,35287.41717990593,37407.17644969185
0,0,1,9,0,29,14425.094211920305,10867.104941773077,13603.204447067463
0,0,1,9,0,31,0.0,0.0,0.0
0,0,1,10,1,35,14082.392681085232,18349.649743815662,23095.94074850712
1,0,1,12,1,30,12845.422434721855,20265.202199976262,8136.768994652458
0,0,1,15,1,44,14154.12380631547,7913.0657511533645,29415.632572685103
0,0,1,17,0,40,17415.552157633374,23078.604600288654,22667.32338256745
0,0,1,12,0,35,4031.33414308232,0.0,0.0
0,0,1,10,1,36,0.0,13151.784391236262,4575.966602830316
0,0,1,15,1,39,25495.424466808083,31325.057136437044,34567.50809639723
0,0,0,13,1,47,36988.56999488077,38421.17877830823,41390.77951217423
1,0,1,7,1,37,11955.754382049345,6521.125248634816,5774.023491351503
0,0,1,14,1,45,15695.38259621042,24364.92206730157,21592.72812971915
0,0,1,13,0,34,57958.116190262175,56109.97879586346,64410.85847361637
0,0,1,14,1,48,27671.56614219789,23825.632054863283,32933.757924248595
1,0,1,8,0,35,10274.167086003103,11069.396623785071,8427.731475692526
0,0,1,13,1,32,15879.567521641413,25331.828552889605,16841.948651792747
0,0,1,16,0,38,16240.198425564324,27338.57713838487,1025.8240469632437
0,0,1,12,1,30,23023.891074774954,32347.02378382689,34433.84111704866
1,0,1,13,0,45,15550.25596256541,19098.9370710333,21162.500790492988
0,1,1,15,0,28,1794.8892101372276,0.0,7181.0487581400175
0,0,1,11,0,39,25287.00122973867,25604.731790665515,19212.661219952282
0,0,1,9,0,28,0.0,0.0,0.0
1,0,1,9,0,39,11726.723539125309,19313.620242411573,6874.469343857509
0,1,0,12,0,24,18338.556843293558,22225.419053560763,36858.632424378244
1,0,1,9,0,42,11727.25926815993,9518.604092958001,0.0
0,0,1,10,0,24,20738.061943015357,19409.16660904349,43032.129088583904
1,0,1,11,1,33,13070.459735078592,6285.573184796967,19522.704694944085
0,0,1,14,0,26,38206.98189106105,24791.589232054255,41482.02465675496
0,0,1,14,1,39,12814.96902633343,17143.412077999135,34280.07224498947
0,0,1,13,0,28,9628.459213591419,16736.614257913454,16304.70156765288
0,0,0,16,1,18,16338.132668030306,17228.0665684765,22847.188886757496
0,0,0,18,0,33,61805.693459791044,42622.408663012546,32499.0120075414
0,0,1,10,1,40,40209.618878688416,38173.32460166274,37665.6022184245
0,0,1,14,0,27,37430.01553203989,28825.73485498912,50475.70931319249
0,0,1,13,0,25,26599.071979793764,25646.9136167006,26454.576274564886
0,0,1,10,0,30,0.0,0.0,8309.010532750513
0,0,1,10,1,32,25364.119540074054,33230.57208953882,23795.54491649643
1,0,1,12,1,29,19530.010646322604,12737.900764024016,14154.987972692878
0,0,1,17,1,39,42552.54427118726,30817.354509471028,29154.86113056593
1,0,1,8,1,38,25402.309746456427,24656.399200008127,38893.31054243783
0,0,1,11,1,33,25481.014322118295,31946.267828101812,30958.189855092736
0,0,1,9,1,31,26867.346026328934,9688.291693801324,5156.923448284862
0,0,1,12,1,48,3541.775475713577,15113.651729994479,28031.577230347764
1,0,1,7,1,51,20876.394338104015,20059.528173198887,5284.397077461892
1,0,1,9,0,56,7740.806738050236,14315.325700186964,9411.3272044035
0,0,1,12,1,30,12726.61058550902,12394.277371877533,38428.74642363716
0,0,1,15,0,30,56750.75882766566,34480.24209432109,45384.583931242945
0,0,1,13,1,32,6932.082796552444,30321.612802486925,30615.416086351535
0,0,1,12,1,33,24153.74127267181,19661.01046695823,7394.8388715696665
0,0,1,12,0,44,38411.45157614816,30120.802459111957,36201.60439556887
0,0,1,11,0,32,34274.126541066755,25616.777061777135,24996.860609030547
0,0,1,13,0,48,37058.25246092522,30536.990877640194,42764.32947559969
0,0,1,14,1,30,6185.797841715217,15419.214218799598,44468.06402508218
1,0,0,13,0,23,6292.665463190444,7892.221052055845,10399.33408572881
0,0,1,14,0,43,31571.23571517792,29902.252875804526,35749.488243807034
0,0,1,13,0,54,35738.88639557364,40398.973146762706,19198.02118710284
0,0,1,17,0,46,17863.782601767867,10586.648040196975,24865.543379625946
0,1,1,11,0,21,8304.198950898086,16316.140704655845,18748.1301299788
0,0,0,9,0,30,590.470864402705,0.0,17186.550492716815
0,0,1,19,0,30,37053.31052058409,33089.841709647444,62613.3353579005
0,0,1,6,0,42,22670.40847772814,26382.957562375923,2322.029116220663
0,0,1,11,1,36,12675.110503251055,16269.389602018186,10741.309572749418
0,1,1,6,1,34,29724.606897364665,31359.992072793837,31964.214851044897
1,0,1,10,1,33,18979.715681370704,20450.198739155967,40995.46932954399
0,0,1,14,0,32,0.0,0.0,7411.110277826194
0,0,1,17,0,28,36950.28144072339,44855.9913298014,52799.160392214704
0,0,1,15,1,24,1649.3568051027578,800.7909531339028,15733.180563626966
0,0,1,14,0,32,0.0,0.0,0.0
0,0,1,13,1,36,18126.727664010778,26088.98263508721,36573.99004622002
0,0,1,12,1,56,39403.58650447945,33110.151323246304,46666.86154093005
0,0,1,12,1,27,14141.785536373529,7904.831130665474,30868.608772624495
1,0,1,12,1,39,28631.77699202688,31097.560323916055,30199.643443950878
1,0,1,10,1,47,18552.81791483312,25083.879101184295,17357.128823405597
0,0,1,10,0,50,29181.723126655248,27397.44951779281,27281.06840655567
1,0,0,5,1,47,15534.168185964783,20053.43398899008,31540.393967082142
0,0,1,11,1,36,14749.067214090079,25212.30615155786,5210.189024352255
0,0,1,14,1,32,14227.232329725295,30451.757134883774,25950.055724484773
1,0,1,10,0,19,5644.195746335874,0.0,19034.496601733747
1,0,1,8,1,53,9151.558462458863,5145.459466170008,11193.714082107057
0,0,0,14,0,20,13075.9038512487,22589.90098930434,14023.879555835158
0,0,1,15,0,46,28410.408069683865,29759.656222354388,23350.15007160877
1,0,1,7,1,60,16201.470234854101,20352.991238846116,15253.797829989355
0,0,1,14,0,30,7483.075728281527,6281.580766919935,0.0
1,0,1,12,1,30,26238.88905366306,27882.58481088705,41003.615971342784
0,0,1,15,1,34,31185.852052948547,30155.41056130964,34606.72712666791
1,0,1,11,1,28,0.0,0.0,10006.24965139445
0,0,0,14,1,29,22044.944028855418,21713.564235611982,6271.320679495218
0,0,1,15,0,28,17224.283440082254,16854.05821107625,14553.243661352873
0,0,1,11,0,43,45061.34273299605,41481.48417832743,44792.972581216556
1,0,1,12,1,29,0.0,0.0,12072.761758337807
0,0,1,11,0,35,22555.127488487684,34164.45750642829,30771.62300475456
0,0,0,12,0,28,45485.68019686625,37861.754202031676,59908.28705444473
0,0,1,9,0,36,27697.82056406696,32768.13492039719,31115.048151568102
0,1,1,12,0,40,0.0,5535.753901762861,20982.875225259017
0,0,1,11,1,27,15945.848022640164,22471.169644918602,32384.734188894938
1,0,1,6,0,53,13080.900617521478,11578.491826567657,19403.281026003933
0,0,1,16,0,24,6820.065197649448,2263.588783272262,10483.17231077974
1,0,1,9,0,40,11249.631400717795,11922.220988763882,18312.182087629022
0,0,1,9,0,25,8384.945402748506,10353.673513802272,15144.070818744738
1,0,0,16,0,32,31796.54586412003,38876.998598411665,39661.743361354944
0,0,1,14,1,42,12240.430010991902,5417.655718030044,21643.74454650637
1,0,0,10,1,35,17883.59492731699,9913.070793373206,23805.644456424612
1,0,1,13,1,37,6957.335228896572,8643.016264570995,16359.22753108509
1,0,1,9,1,40,3171.6409604463515,1406.7759897108353,8268.24531214968
1,0,1,14,1,31,17284.07518101173,14259.881712921608,14717.051052864694
0,0,1,11,0,26,43370.74901913448,35984.77336352429,27463.010066956063
0,0,0,16,0,41,46826.03044499254,36956.11828393481,37223.02565101533
1,0,1,10,0,35,22844.264733503056,20501.707214017344,4161.71272510567
0,0,1,12,0,34,36244.14949592652,42507.44721148648,44846.05641727145
0,0,0,16,0,27,17612.330004092095,8749.715867370951,13935.901423335827
0,0,1,12,1,41,26805.58913891018,18878.400975028646,23235.81835129252
1,0,0,9,1,39,24333.025505981437,21157.42623677178,27434.764793540377
0,0,1,14,0,44,22138.515565906127,34687.22517346767,24860.94716198708
0,0,1,19,0,22,32267.356715491867,22219.995763156992,33458.29798102152
1,0,1,8,0,42,17639.35831805837,11068.79790884088,0.0
0,0,1,14,0,38,9662.527880610756,15968.432190759635,12609.404862322657
1,0,1,5,1,54,19002.69724119377,15208.155668640034,32560.381739645723
0,0,1,10,0,38,34854.2317228645,36987.13894291766,37240.20490237793
0,1,1,12,0,30,32517.181678650246,26619.92794291573,23971.972643373403
0,0,1,20,1,36,36895.04005754432,27131.86843260895,29911.068808704465
1,0,0,14,0,33,15113.748887020702,25390.03958577366,21029.747444829598
1,0,1,14,1,32,16098.369369019292,15782.141447459257,27409.894821142734
0,0,1,12,0,29,11468.234571078277,9559.917879469378,26526.32621306973
1,0,1,9,0,42,2809.921823831992,3793.635555854853,15431.482538631473
1,0,1,11,0,23,0.0,0.0,9726.255876186091
0,0,1,15,0,35,39688.5837220275,24728.697097683777,29479.0856079867
0,0,1,15,1,33,0.0,0.0,4520.853276105476
1,0,1,10,0,31,21716.37923109622,14598.148877096535,9554.809993126753
0,0,1,15,1,37,16870.88430800023,17849.04446493587,30062.97304377102
0,0,1,8,0,37,0.0,0.0,13669.935982265259
0,0,1,10,1,50,30867.882116443936,43558.13849066732,38819.79187627639
0,0,1,15,1,41,2451.3793161113717,17587.966797436806,5649.78575198592
0,1,1,12,1,49,44332.94784150025,66504.84183574653,59440.65661382792
0,0,1,14,0,30,27444.445303073157,19023.893902507807,14530.564559624405
0,1,1,15,0,32,12071.992966986109,10018.787360214463,0.0
0,0,1,12,1,31,31974.799009790626,14762.712131728866,53173.17709692713
0,0,1,15,0,43,29392.651610073524,30523.439457019886,28703.060043284535
1,0,0,9,0,47,9708.899056453916,4929.693353466664,11324.911620091596
0,0,1,8,1,33,11933.526540630291,221.05539998855602,5009.868056874976
0,0,1,9,0,36,8500.731875976675,3788.772001061974,12348.217599407113
0,0,1,12,1,60,26999.741585269378,30823.66940839404,36149.64000935019
0,0,1,12,0,52,27451.132593869916,29424.30153660477,17675.83970856168
1,0,1,8,0,34,3318.6174319182046,0.0,0.0
0,0,0,16,0,20,28321.076876319632,28236.912285667702,26433.73051935435
0,0,1,11,0,33,30822.66419486412,21787.145332815722,35373.05877723655
0,0,1,10,0,52,5305.086780064601,10769.068832164507,6539.103747855494
0,0,1,14,0,41,27317.83824125123,26661.092920429786,40688.74602256309
1,0,1,10,0,28,8970.512927746935,12297.165773414572,6842.891315048946
0,1,0,12,0,32,37562.56972062767,20184.34634225613,44550.89456873138
0,0,0,15,1,43,38540.550490617636,37677.60460429844,29632.850043308583
0,0,1,16,0,32,8475.995818165646,11690.94847422803,16972.804184650107
1,0,1,13,1,37,22229.11845386501,16035.956800984866,24181.559682320767
0,0,0,11,1,42,28851.55436267122,21908.692666027247,50282.512293228996
0,0,1,16,0,34,9495.754819472817,7589.957298878262,4915.412018395953
1,0,1,13,1,22,16378.130109024052,11171.075584664693,14736.991748957556
0,0,1,13,0,25,0.0,0.0,0.0
0,0,1,12,0,35,16357.08854152033,19006.829783587666,26627.60191290895
0,0,1,15,0,39,6453.937465093508,13120.987189081701,15048.189050455614
0,0,1,10,0,34,41770.23510605122,35612.18378532295,41452.770086868404
1,0,1,12,1,37,31086.63681918173,26317.462431925087,29251.061631664423
0,0,0,13,0,30,0.0,0.0,2911.786540104549
0,0,1,20,0,21,31711.56775212456,16715.151013461593,32805.169322288246
0,0,1,15,1,36,38559.4332141639,42087.4642599206,52579.376070223465
1,0,0,11,1,36,21656.426190340226,20534.641819051292,29280.98457416735
1,0,1,9,1,42,11603.571296665994,15099.054648559315,5393.442989148907
1,0,1,8,0,41,8501.359955541022,13153.209766098416,11675.512073576268
0,0,0,11,0,51,17046.47247709016,16475.304007961688,7593.988981376939
1,0,1,14,1,41,32591.97979777165,30651.64615785182,38646.20086257438
0,0,1,18,1,39,40425.83123312509,46277.335772453516,63240.93276211264
0,0,1,14,1,41,23713.91827452609,17659.440174860516,34293.410489777496
1,0,1,9,1,33,15331.96699584469,10957.014650518535,14302.17597675668
0,0,0,17,0,23,36197.4827367654,35414.3715456352,51039.360025380476
1,0,1,12,1,27,11024.361571641015,11196.377161021057,21272.193664809423
1,0,1,11,1,42,27910.259804135287,25572.181700325396,25416.72640107037
0,1,1,12,1,20,17409.60200208531,11333.05234464831,42319.32742140943
0,0,1,15,1,26,19400.35292874475,36717.58396338346,33867.98976035381
1,0,0,14,1,17,18157.838336731686,22935.02724174119,24664.664816604665
0,0,1,7,0,25,369.7714581157161,10631.614468260572,6501.473067922896
0,0,1,11,0,48,33427.1288629227,34246.49306224731,51003.01612137057
0,0,0,16,0,22,17284.34999423367,10082.2556178588,15675.170610944368
1,0,0,7,1,62,22374.785795931017,31033.363069782703,19552.47928238623
0,0,0,13,0,36,16317.609523627896,40452.75735618491,48036.00974242623
0,0,0,9,0,38,2520.9491344451453,13173.918473780932,0.0
0,0,1,15,1,49,31501.80287830619,27421.461741152456,28064.86273316542
0,0,0,8,0,42,1434.966187248694,141.90850201233843,0.0
0,0,0,12,1,19,0.0,0.0,22153.741489077576
0,0,1,10,0,35,43154.51364924194,47608.728443549786,45443.98100300135
1,0,1,10,0,49,14283.077736232062,19851.369229234242,22887.763023976357
0,0,1,8,1,57,20022.391406377577,34285.01049514602,36757.98823295889
0,0,1,9,1,42,50659.05302409094,39102.05263667472,34124.950842395505
0,0,1,10,0,40,11932.187208677455,13180.474099508061,24261.10423733727
0,0,1,12,0,31,14742.021625212492,9276.333096420905,15256.411912688749
0,0,1,12,0,30,21342.611714628038,8791.891640968415,6213.881198714345
0,0,1,13,0,52,24413.54138247519,32241.923438405145,18572.77106391339
1,0,1,11,0,31,14165.375610616029,9021.868261713045,13473.454974922042
0,0,1,8,1,30,408.0913226872399,6105.355894291408,28093.99712233745
0,0,1,10,1,40,13937.743736346449,0.0,11310.1505081596
1,0,1,12,1,23,3851.365593340248,0.0,11827.114484569076
0,0,1,12,1,46,42698.032778077555,33761.13387672597,34571.14869828611
0,0,1,16,1,24,8039.432227558762,3850.2996026897454,25551.92484983229
0,0,1,18,1,41,9944.032926467338,9926.02183959142,35693.6626618217
0,0,1,14,0,47,19594.495295006596,29835.27341393701,45210.47216324009
1,0,1,6,1,36,2751.685758131707,0.0,14242.170899223387
1,0,1,12,0,22,30475.482963290087,27033.062476574127,38508.875734322406
0,0,1,7,0,38,21215.475873550902,8300.452536092182,25420.871815526552
1,0,1,8,1,41,10794.234669569743,17404.482150697168,28697.574478558752
1,0,1,6,1,46,33421.57201800878,26685.316773140148,42285.765123422214
0,0,1,13,1,43,22062.253154932903,28487.060557790996,45800.006945240726
0,0,0,19,1,27,6982.770260369834,14301.730876447236,29484.201001747682
1,0,1,8,1,36,16040.410207327079,22171.672968386712,26515.996299071252
0,0,1,8,0,27,46961.28992237366,35267.90992913934,39722.53770548489
0,0,1,16,1,39,27055.51219253361,32506.340885561272,34402.364886646974
0,0,1,16,1,32,21975.76970918376,14329.439171939237,31110.468406773547
1,0,0,15,1,23,23302.471892629168,19453.985915815534,35419.274710061654
1,0,1,6,1,56,23427.32288397795,24226.97684797611,23096.99200179332
0,0,1,19,0,26,28458.536634434273,37460.459214180235,57691.91280410607
0,0,1,10,0,31,9639.099683195354,1937.9255464338821,2639.133198802516
0,0,1,10,0,41,10418.15091534734,14827.384910280958,10041.878001961915
0,0,0,16,0,38,9706.013099188509,14159.236727626507,31501.96135052681
0,1,1,11,0,28,15788.671307039504,15096.259733074145,24479.799439119437
0,0,1,14,0,22,11137.77127357742,2342.108148217394,10991.223329561433
0,0,1,21,0,35,48129.27510786874,43361.24836834298,38968.86797178218
0,0,0,12,0,21,1342.1722836956542,7123.227993812887,18641.463311223797
0,1,1,13,0,27,19472.805805205095,0.0,13440.939978980206
1,0,1,7,0,33,17917.759994464297,11909.320135862625,25308.691303930922
0,0,1,13,1,27,24326.904662409426,22648.733989352855,29576.860715012408
1,0,1,14,1,24,32530.770359604474,25578.231444972087,40847.84569616462
0,0,1,9,0,42,43731.758988787624,36565.89417516357,36911.723075586444
0,0,1,13,1,47,0.0,1417.2334147711372,12543.694377533899
0,0,1,11,0,37,25219.0731498302,24237.427030318184,15985.672723202166
0,0,1,16,0,30,5813.7855768750505,1648.6923139946193,7995.77387026153
1,0,1,10,0,27,16297.215660046002,8155.26863808901,5009.104950208384
1,0,1,10,0,23,20758.136032858045,7605.321522112376,27262.477256572347
0,0,1,11,0,25,33490.50803282785,34309.77624302248,12154.033417387833
0,0,0,9,0,16,5904.4835411685635,7687.771070271603,0.0
0,0,1,9,1,38,41148.05546102944,32211.2618070932,58633.30730932942
0,0,0,12,1,34,33942.486328897445,26612.981628477824,30108.776285242337
0,0,1,13,0,39,0.0,0.0,2321.563508267631
0,0,1,8,0,38,23528.66396326014,21948.762496832715,12653.389206099557
1,0,1,11,0,41,27129.87373441369,32177.416828445028,23244.640209649333
0,0,1,15,0,37,35705.128832457434,35301.16368957631,48186.93490906084
0,0,1,13,0,46,15657.539262202306,15221.57839051947,15691.884365598427
0,0,0,12,0,39,10267.71729235333,8476.825702280606,15133.163720729217
0,0,1,13,1,49,35261.748004322144,33444.73343447341,59213.657979869815
0,0,1,13,0,33,15173.47823896636,16212.643158812083,16957.82970432214
0,0,1,10,0,39,24356.290374470842,30884.276923248093,27529.099804923713
0,1,1,12,0,27,0.0,0.0,3201.516604019347
1,0,1,7,0,43,13595.93506103699,10283.895542039962,24340.881825730772
0,0,1,15,0,34,28866.057973240706,37897.325543127896,12908.018004886482
0,0,1,11,1,35,39663.47970134587,37718.6001930052,51987.70305107917
1,0,1,12,1,42,5031.735378692503,4776.3576388925685,19221.757774901464
1,0,1,6,0,45,14939.640025940818,9144.400756787272,11746.270618263377
0,0,0,14,0,22,16814.746717285674,23529.132365014735,20297.288182788445
1,0,0,15,1,17,10805.49514593402,8900.295376276325,16293.925145666914
0,0,1,8,1,50,43288.99177452438,37506.45607871283,48433.17194660475
0,0,0,9,0,44,0.0,0.0,0.0
0,0,1,10,1,46,23833.036129218923,8066.585008114675,4787.253249450501
0,0,1,15,0,48,39340.600885391665,31009.48494043576,48235.493647370924
0,0,1,12,0,39,34733.182533260944,30820.83367220837,27537.712557020866
0,0,1,12,0,47,17282.36623981001,25395.239358670056,14420.153464835961
0,0,1,6,0,24,0.0,0.0,0.0
0,0,0,7,0,50,24819.1196612095,28656.158665653405,19738.0769238792
1,0,1,11,0,35,3061.2240346735343,8393.403561331696,7234.870449374652
0,0,1,15,0,32,0.0,0.0,0.0
0,0,1,10,0,36,32923.87718545624,37886.13078156258,40778.32695959063
0,0,1,13,1,42,51683.03014722574,62843.215900936826,73170.4582890905
0,0,0,11,1,17,13017.688214336402,23471.11837987302,10328.963163220931
0,0,1,16,0,24,9052.046743601026,0.0,17862.957119145372
1,0,1,8,1,39,11001.854888893058,8306.150087790986,26016.46832329865
0,0,1,11,0,34,33178.87621843922,29737.14753486839,26524.83114880148
1,0,1,11,1,27,10275.144899253235,892.8599395369474,8730.838952267582
0,0,1,12,1,31,15667.003782362928,12992.492965889967,19232.23620212079
0,0,1,13,0,34,16776.287268115353,32262.30922048742,24606.94816217457
0,0,1,9,0,20,10458.554941759601,0.0,16109.692819168706
0,0,1,11,0,38,1975.1373391445268,2925.878929667906,3877.5005525726883
0,0,1,11,0,30,9252.469615161257,13470.335995302941,19777.256992478215
0,0,0,16,1,32,35521.223515405254,39557.81065596088,50323.46896028747
0,0,1,17,0,35,18465.83794827923,15265.53896659956,12141.304429780877
1,0,1,8,1,22,20992.68302409791,22407.61237778679,32404.875616264846
0,0,1,16,0,29,21764.725124910798,24411.999121524692,12036.69636849072
0,0,1,14,0,29,1745.4964677743628,14463.778034065757,9194.321021408261
0,0,1,17,1,30,8582.556505009787,8939.259187387723,27794.27366738458
0,0,0,11,0,24,25806.992517240367,23160.665308453586,17540.04269556345
0,0,1,16,1,39,14221.177660209392,18303.20736257813,9494.615284527088
1,0,0,15,1,32,10972.172441975803,8163.113214062568,21003.929910551713
0,0,0,15,0,39,32694.7544320358,27861.130359961462,33805.64826190486
0,0,1,13,1,39,27859.38485229113,26367.418673617103,24167.89377455283
0,0,1,16,0,28,22711.793338046333,17405.74501780727,30602.82718492708
0,0,1,15,1,37,7897.546171379934,9765.483578052628,20430.06433022651
0,0,1,15,0,36,22195.12895390893,32109.83557930332,29371.978554670382
1,0,1,11,1,21,14997.59705033113,19668.76797507949,22376.023772464418
1,0,1,8,1,46,26302.50087687187,23663.662983317172,38747.25189563742
1,0,1,9,1,31,30567.963136156584,24410.245504861996,29681.606843771682
0,0,1,12,1,41,22920.13649233522,36788.97425902426,24976.157870514457
0,0,1,15,1,21,1127.4811256556568,5921.124591439922,30558.73735821635
0,0,1,11,0,30,4967.863637245489,3740.534864449208,5200.449648760561
0,0,1,17,0,33,33642.69874520023,26694.238433318376,42030.61623795979
1,0,1,16,0,38,27474.91211879313,16537.415059737614,26409.150549689257
0,0,1,13,0,32,24386.147825388223,38670.893875205715,36587.95712130852
1,0,1,9,0,43,11096.987878218228,9587.255143968134,22873.14955416538
0,0,1,6,0,41,16658.765437781603,22994.448919482566,3124.840742865228
1,0,1,7,0,47,10777.552670191944,7449.5244426544705,23951.469977490542
0,0,1,10,1,39,0.0,2432.8105879141076,13662.562701189176
1,0,0,12,0,47,19335.287518118188,20512.36685142724,43279.08226302879
0,0,1,11,0,33,11666.103018818187,15964.396332362765,28443.283342960567
0,1,1,16,1,21,22807.02193855563,15723.895541555981,46684.90843843847
0,0,0,11,0,45,20487.123231979884,11652.340185701496,19120.98307772465
1,0,1,9,1,39,3100.597510927013,0.0,19004.969327392184
0,0,1,16,0,40,21247.174543123347,24164.943026731795,20978.904948208223
1,0,0,7,1,60,3893.9460694631616,0.0,13027.498660338058
0,0,1,14,1,26,49161.17137298755,36194.3294144074,40479.777762104706
1,0,0,8,1,23,18966.818953756774,26126.6782811402,26952.27491026584
0,0,1,12,1,32,48459.869975170775,65789.28917381115,45563.16137972964
1,0,1,8,0,50,15770.562412866524,21277.224563796695,28309.801879019695
0,0,1,16,1,28,49567.78973478942,51807.81105222026,44679.079883190985
0,0,0,10,0,16,10763.226282652658,9454.049386237804,0.0
0,1,1,17,0,38,27657.104372522663,25466.651352528832,44189.08260737518
0,0,1,15,1,29,16941.90204069351,9914.150203266396,18506.35118673981
0,0,0,7,0,34,3576.3085111998407,2546.038218192738,0.0
0,0,0,15,0,20,19500.26145940185,25964.55093373644,19294.529675813228
0,0,1,15,1,32,17665.0855397004,21244.801903801945,33314.020517750316
0,0,1,11,0,38,18690.44060981639,8982.150046585199,0.0
0,0,1,11,0,45,23028.569062006856,23899.451643386565,25500.53628983717
0,0,1,13,1,41,12162.63155006964,9898.895967105538,30349.83725528548
0,0,1,11,0,49,20341.833580053542,11312.181753972935,17206.650990160426
0,0,1,12,1,26,4242.950760269257,0.0,17301.608459192135
1,0,1,10,1,26,0.0,8005.72718506136,13483.934697975783
1,0,1,11,1,23,0.0,0.0,9194.449159344389
0,0,1,15,1,37,22940.401955302874,9214.07839864455,17124.136494930208
1,0,1,10,1,44,10293.189557394984,723.8963148347393,15336.753737207393
0,0,1,15,1,39,32169.186102654596,41496.454959768365,63330.223877280165
1,0,1,16,1,22,16330.594779496101,9670.116521950837,14932.217641122677
0,0,1,14,0,35,28585.871643431954,13383.521439468579,18500.690093173806
0,0,0,10,0,36,18798.294703049705,22953.90842442817,22323.536416619063
1,0,1,9,0,45,11354.501684681933,19960.0823229207,11425.306850319776
1,0,1,12,1,31,0.0,8353.907724869841,27943.49305807908
0,0,1,8,0,52,20613.684747374158,22971.987971380146,31804.338143431043
0,0,1,14,1,26,8864.62597675951,9967.586280615149,10980.17267872169
0,0,1,15,1,53,40790.73581407279,39178.497547376646,49990.35151978159
1,0,0,8,0,33,5735.43152577434,4626.475388785559,10306.286043794553
1,0,1,12,1,53,18005.204414032945,22023.974778323045,23392.47969848703
0,0,1,19,1,25,22321.16575469451,35966.43021382957,63896.43455141418
1,0,1,17,1,30,9276.036338438917,0.0,4922.6749646016515
0,0,1,12,0,43,13345.214669458139,12148.046784183196,14050.045388455295
0,0,1,15,1,56,39998.54810759748,29830.765044977747,28384.580573409537
1,0,0,11,1,16,5991.170680503043,339.9797140719329,5380.043081969593
1,0,1,10,0,46,21645.75733146155,24734.623019901206,34813.4038460053
0,0,1,8,0,39,26811.56751237641,23590.83328310658,13464.088226505855
0,0,1,16,0,38,45459.0436308146,33952.36924488302,29622.83460624932
0,0,1,13,1,20,10369.833745230077,4558.718795196484,15931.550152072243
0,0,1,14,0,54,47733.4403675735,45198.807478914554,27098.83484482802
0,1,1,12,1,26,15005.775704076132,5247.985363976921,27405.39774308247
1,0,1,19,1,27,28065.693979888496,32195.117842259195,25156.254131429923
0,0,0,19,0,21,24632.176211547954,27258.746635450865,23913.73332863083
1,0,1,16,1,45,28521.627728041713,25719.284072646253,22161.240298718498
0,0,1,10,0,44,15239.3569060148,7184.0845961919495,991.0717423045353
0,0,1,9,0,42,20393.040125999352,33614.074074406635,19014.91862297628
0,0,1,19,0,26,27341.190704742105,46119.49561199521,49502.6785358031
0,0,0,8,0,25,17638.159348687375,12639.351195075085,21394.7498805194
0,0,1,10,0,43,14582.602939436027,20931.32383338619,39609.30278318276
0,0,1,13,0,38,33718.25099681948,14639.51115070067,34231.76692998948
1,0,1,11,0,35,501.591466899461,0.0,0.0
0,0,1,15,0,21,2016.2613224594752,14455.223238709194,24969.808728844757
0,0,1,15,0,37,23610.40606105571,24163.248381816484,28554.703535592154
0,0,1,11,1,42,6524.937807234899,16279.407769848405,26021.114695559798
1,0,1,10,1,50,18640.710720074563,22243.03880092755,24852.724613191564
0,0,0,15,1,24,27125.488976311597,30856.111928570288,46672.63409141138
1,0,1,8,1,43,15463.230763789683,22140.984583039128,10493.662215433946
1,0,1,7,1,47,22069.682388342393,18401.769949756344,20046.168913306497
0,0,1,12,0,42,3785.287029554187,11146.728955078628,10038.163879545073
0,0,1,14,0,37,23320.26376615733,18197.738349315314,6757.3757446606505
1,0,1,9,1,36,10461.24084452897,14608.912046851048,22258.545830949748
1,0,1,12,1,52,33725.28282816839,28457.1649878645,25016.095485671864
0,0,1,13,0,30,48882.33675304826,36987.159479739785,51604.76290670084
0,0,1,12,0,30,0.0,1539.2654041348687,0.0
0,0,0,14,1,18,11469.800280443633,34917.69297257137,35232.866861691924
0,0,1,14,1,23,16602.256969806476,3732.9853797396863,22221.728009262046
0,0,1,15,0,40,24189.969318038733,25739.72896761464,40977.38921797924
0,0,1,12,1,35,9505.442125942522,0.0,18547.467685468564
0,0,1,13,1,26,32201.126336260117,26969.94173433393,45600.70096755898
1,0,0,8,0,32,5862.058940160272,12163.175661202484,19731.466110947662
0,0,1,12,0,53,2990.3554958246896,6953.465854419339,0.0
0,0,1,11,0,19,4686.5012776083095,12066.091643507585,10148.498479782002
0,0,1,14,1,42,42317.93898653073,31608.406506482635,25316.734445643207
0,0,1,17,1,43,20568.173767291915,24490.752790491635,34650.6523425875
1,0,1,10,1,47,24748.35711550642,15898.895005447843,23056.556402296374
0,0,1,10,0,43,1156.1856854321813,0.0,0.0
0,0,1,11,1,27,36761.67468555265,28808.35173636789,26258.756899877022
0,0,1,11,0,32,30857.00833340582,34298.2946529231,38463.02076809809
0,0,1,14,0,48,43347.735184120946,45503.05665116833,45508.95671520803
0,0,0,17,0,28,31589.084425756402,42532.82779112966,37694.72638817014
1,0,0,12,1,30,32326.320171144544,24238.911484207405,22863.95122784914
1,0,0,12,1,44,11080.181853639795,14699.792768797253,23052.836166266687
0,0,1,14,0,38,25564.9029457434,26865.70112503426,36592.34854565748
1,0,1,9,0,37,18178.581403478594,24891.342175880716,16312.252436848068
0,0,1,15,1,35,31626.596026688625,34643.043188661,53100.05962977694
0,0,1,17,1,37,17554.13686708855,17834.418433839062,14895.019437519357
0,0,1,12,0,37,16265.742805343034,22863.363680719434,6666.636183328243
1,0,1,9,0,55,34686.89578969957,36598.40602511692,33822.72232666758
0,0,1,17,1,31,23379.898223910524,14688.746558476527,42166.63057577159
1,0,1,9,1,59,25021.754197270995,24208.10019712359,33462.81789793724
0,0,1,14,0,55,38648.36016777217,31387.374174398275,39058.72276243147
0,0,1,16,1,40,23555.167809748473,27619.793712679417,54748.391579059746
0,0,1,14,0,47,31070.899401954597,26235.74638288374,36021.6235180355
0,0,0,13,0,39,22226.740494428966,16820.06240127641,9574.071675845176
0,0,1,14,1,40,19838.230770910686,33050.968956045566,38908.86061077615
1,0,1,8,0,47,16899.760804869093,10152.60571060731,23583.65871679352
0,0,1,10,0,35,9322.436916773215,535.3956405609388,0.0
0,0,1,13,0,34,24579.4854779923,32109.640909894595,23827.195709079548
0,0,1,8,0,25,10389.717483094315,11521.761339035787,6710.1790301751425
0,0,0,12,1,20,21510.743973837325,19725.584297846042,18442.067992250442
0,0,0,15,0,31,14532.94622263208,26680.129270340873,16469.11781690606
1,0,1,4,0,50,4957.199228464675,1209.8705646526032,0.0
0,0,1,12,1,38,25607.842511338888,25674.222170314682,29739.43125398485
0,0,1,13,0,34,27915.754005200488,10104.206447447155,33716.39789256848
1,0,1,8,1,39,21515.039632309086,14775.565897486613,20888.244515328486
0,0,1,9,0,35,33002.52266915128,12303.147407456468,15987.357223883448
0,0,0,14,0,17,25721.946256965693,29097.80016064699,38365.07466954835
1,0,0,17,1,20,25915.52998489279,20528.72545299506,34269.495396404986
0,0,1,13,0,31,4891.621010281748,15388.571058322526,8605.577932179844
1,0,1,7,1,51,26734.48064078771,22807.328631477754,36066.99879534465
0,0,1,14,0,30,26514.790391708768,19529.29932581024,33250.04721141443
0,0,1,10,0,42,20364.2567040509,11381.911060108721,18567.6106830805
0,0,1,14,0,29,11466.21932128636,0.0,4697.956679986957
0,0,1,11,1,33,8064.256213110464,16297.841462428165,13676.542704203373
0,0,1,11,0,32,18393.321094689843,23617.13615155134,26309.82824207618
0,0,0,10,1,44,5437.700282225545,11576.274697024262,47005.28994978188
0,0,1,13,0,29,24128.189699093033,17814.83565040251,26412.335170513223
0,0,1,12,1,44,35337.11636913753,35947.214985593295,22375.605318164435
0,0,1,9,0,29,8288.976339720879,15597.482602663347,27227.24178822222
0,0,1,14,1,34,0.0,5157.4349182101505,22402.546298511166
0,0,1,12,0,33,0.0,0.0,0.0
1,0,0,9,0,40,8504.949892429138,8832.649786212198,30635.9728413693
1,0,0,13,1,25,24101.948174430756,20544.78749345318,37238.80878972438
1,0,1,11,0,39,19094.271919287236,17614.501069193007,28500.301516838772
0,0,1,10,0,38,0.0,0.0,0.0
0,0,1,15,0,30,17093.089387325315,30277.51665255198,40748.44996995419
1,0,1,10,1,39,21774.677825605395,20626.890596475278,31980.343233513777
0,1,1,16,1,42,26175.70705986483,20311.761989839215,35958.13006136982
0,0,0,14,0,21,56448.77481432517,53771.605841011515,34137.329217488514
1,0,1,12,1,31,11912.280145597371,8438.293699979326,31687.944746434918
0,0,1,10,0,32,16949.193656056905,14419.111744941147,4214.665831258735
0,0,1,11,1,32,15067.203284076353,25967.332070994096,13034.953694167223
0,0,1,15,1,33,8641.503099729649,9642.099198533942,4101.488948104252
0,0,1,18,1,48,16578.252002287365,14727.17831676998,28378.916870041372
0,0,1,12,1,26,30314.34352309943,14023.906010101178,22281.7655191956
0,0,1,9,0,38,28732.804304840585,35413.392119255026,49143.26599551656
0,0,1,11,0,38,1647.2378300562305,7614.127705629935,21477.703823061784
1,0,0,12,1,21,4685.7491021634505,9703.076175784696,4951.536925681672
1,0,1,12,0,26,14851.187487235875,11478.997694787688,34627.05786036814
0,0,1,11,0,23,79.6158189777525,0.0,0.0
1,0,0,8,0,26,0.0,0.0,2179.607349941305
0,0,0,12,0,31,4197.482274351842,16410.40113943045,20437.15370974978
0,0,1,14,1,46,31375.227206228246,29273.550725351386,26993.566908144887
1,0,1,15,1,29,9859.719834651463,6135.1222746512785,12141.870300348326
0,0,1,14,1,32,0.0,0.0,10397.371611620043
0,0,1,15,1,31,0.0,12324.322074497575,27089.910828716012
0,0,1,12,0,37,35441.16933469616,31079.525037735046,39243.904368821786
0,0,1,13,0,37,2673.676794369614,5105.648303153372,32355.435277828714
0,0,1,12,1,53,39347.85869218253,41495.76057362861,35585.00504529084
0,0,1,11,1,43,24825.03429560076,20354.18046348602,18762.69981785964
1,0,1,9,0,29,21119.003784333283,31736.71845998397,31869.83860608475
1,0,1,6,0,32,8479.652234785786,5297.582285728555,4788.888537600886
0,0,1,9,0,30,21775.172469810943,20377.689698324008,12326.395408341505
1,0,1,9,0,34,18699.68704120937,13287.099823351578,31301.167910530174
1,0,1,13,1,36,19186.430868949697,9220.42958488649,26257.220334844547
0,0,1,14,1,44,15509.944866958067,11512.79282064877,37036.399014650444
0,0,1,14,0,31,22545.623134395028,23083.396866206596,26251.22836391712
1,0,1,15,1,21,24622.818913221996,28477.878073441967,13580.802245033035
0,0,1,10,0,31,37220.95160243865,36891.311501570206,22763.05954064391
1,0,0,8,1,50,16644.07758832067,18237.05604255545,29003.463353555228
0,0,1,7,0,45,6265.497851895083,8582.37302491452,0.0
0,0,1,15,0,37,32547.837387691634,22670.028599564794,11171.195663159417
0,0,0,16,0,18,33622.32358991366,38932.63581138279,31862.197036529342
0,0,0,10,0,24,26272.09950811372,21368.29343712861,19606.00658933717
0,0,1,17,0,29,55918.899621490746,54866.05047435742,56080.58672798831
1,0,1,12,0,44,18985.318178573325,17332.22296055134,26499.67151704555
0,0,1,16,0,37,38968.973480005545,52435.53627921785,71600.6776977292
0,0,1,9,0,36,33495.52736854953,40246.70770478616,45948.18551725476
0,0,1,15,1,52,40834.73794531895,57302.555768910526,36320.94417492255
1,0,1,7,1,45,12032.113297385848,13043.473827142618,4888.7686827148445
1,0,0,10,0,26,9923.164481764608,15470.600459165196,30853.02659417771
0,0,1,11,1,56,31343.903020808983,49815.50660964759,49270.67647745022
1,0,1,7,1,38,11149.10289854584,11436.23356273874,15626.845347414928
0,0,1,15,0,23,17261.72432260695,16699.807912162716,13660.754295826298
0,0,1,10,1,40,41805.66061854997,28603.905467582583,33536.858461450815
0,0,1,15,1,20,37161.417147843764,50484.381888798554,48286.99049981341
0,0,1,17,1,50,43774.49291924262,28615.766597077065,48882.22615283696
0,0,1,14,1,18,37749.017841613735,32337.076217186113,35239.39107754831
1,0,1,10,1,25,9156.619820015607,6550.6018209091035,9404.706622479938
0,0,1,11,0,43,24882.24597485099,26402.548197319316,46209.72814901093
0,0,1,11,0,40,22855.134010379337,22080.15560912452,20156.24856161278
0,0,1,12,0,54,20239.436881525267,18500.192127976785,42865.85733798651
0,0,1,11,0,39,19096.492644163372,30289.94661243505,43230.336298448274
0,0,1,18,1,24,5790.079931302227,9173.666950420518,5525.236418540479
0,0,1,10,0,44,0.0,0.0,0.0
1,0,1,12,1,43,22652.693636025786,17173.870613179464,27798.474539675797
0,0,1,11,0,62,13720.02362359143,12777.341576884379,52.86360240472277
0,0,1,11,0,37,18791.58741371505,17161.24614528136,22788.003673527684
1,0,1,12,1,46,22879.7992152645,19294.216752393044,36918.53812587287
0,0,1,13,0,45,40961.03564517608,31085.93494505481,27727.879947084864
0,0,1,10,1,24,21160.00509893597,25513.553188564136,25133.22966373531
1,0,0,12,0,26,18808.790370302893,15792.540223797097,41200.69729285306
0,0,1,8,0,51,22800.668160113135,19227.783262644916,159.28945910935
0,0,1,11,0,37,27671.66525644841,32054.61658434178,35031.62706754788
0,0,1,11,1,30,7954.579750597228,8104.601817791105,24260.397743489415
1,0,1,10,1,27,3706.620530215974,0.0,8196.890651325242
0,0,1,16,0,44,45105.56442443029,46236.99798491051,28331.04959034564
0,0,1,11,1,23,7451.359482569151,10077.87459146304,28653.369797194107
0,0,1,7,0,23,15576.050771037539,4465.686628615273,9590.829650083888
0,0,1,11,0,30,28081.925949100518,20402.467159521388,23834.561021587957
0,0,1,10,0,37,17059.558114428084,16768.049258224986,27676.947809864207
0,0,1,14,0,25,13005.115421643011,3246.5020457018327,14487.907232524414
1,0,1,9,1,28,9185.901649638829,2120.839145127071,12523.249571916536
0,0,1,16,1,36,19171.163567759442,25750.04925493657,44604.88049374147
0,0,1,8,0,31,7516.872039390395,2298.9054756229307,20407.632624573307
0,0,1,10,0,30,19874.490427431072,13172.54020545542,6194.325587963285
0,0,1,11,0,53,40626.15452852669,37973.90747899543,37577.80976720101
1,0,1,10,1,37,16199.325067367314,19165.797014367483,19342.526745138894
0,0,1,9,0,40,8484.389937551068,14955.842250712669,11692.111543404173
0,0,1,11,0,25,15625.085894649228,10902.671739189893,11017.833411988757
0,0,1,17,1,26,49953.36745865988,45921.37527520128,79679.7608889097
1,0,1,14,0,39,28198.408627985933,30641.754426295705,34170.00876666821
0,0,1,11,0,23,23614.97750150275,12070.725765175563,25449.181407796266
1,0,1,12,1,30,25748.44621171787,21589.638552681292,11683.66198958553
1,0,0,10,0,43,28997.904781335943,26602.632621023033,34544.3686758064
0,0,1,12,1,18,32589.817479461977,27054.04766307781,43002.40111890144
0,0,1,12,1,36,34444.417685931716,35950.53381688178,30961.217321188036
0,0,1,14,1,30,27393.36474118884,3478.2793828180584,35177.545790301534
0,0,1,19,0,36,31539.75121595042,32078.688919493427,48394.62527943749
1,0,1,11,0,26,24903.290485476864,24250.389576204943,13375.235767581931
1,0,1,15,1,31,7388.635742954148,13990.700495795685,5110.348094631816
0,0,1,12,1,33,18223.207357932682,35545.500299176114,32781.39056264288
1,0,0,8,1,19,8021.5664985127305,3438.76986099064,7851.910494606547
0,0,1,13,1,35,42147.61778956348,26194.266928785313,38004.18789097617
1,0,1,6,1,22,8062.329304818772,13848.770659598165,19892.3369660939
1,0,1,13,1,19,16732.23523518419,8761.469360318963,12353.05933492306
1,0,1,5,0,45,5151.403198661588,3402.085959706108,0.0
0,0,1,12,1,56,49496.4282687033,51837.14545682179,42699.14905649752
0,0,1,13,0,49,37398.40044250646,26402.245498922144,16213.920416621757
0,0,1,14,0,38,5880.301339943204,6695.00419979716,2029.9979356257245
0,0,1,14,1,37,27320.56025910264,27477.485993476548,30933.162975955256
0,0,1,14,1,47,52612.17479744583,52969.74519797438,47687.70799279257
0,0,1,10,0,33,9307.437544143972,13093.469317066527,14382.827514060693
0,1,0,12,1,21,14651.235637116853,21230.884447636337,23211.595647859576
0,0,1,15,0,58,42971.64677268524,48307.2195387618,22844.351683363217
0,0,1,15,1,42,4415.583703397333,19000.617372122888,49092.96648580715
1,0,1,4,1,58,15150.16915899001,9654.799290639497,13476.712770690221
1,0,1,12,1,40,26287.05297081758,16104.93396882232,22821.330387701564
0,0,1,13,0,36,30311.56967059119,34031.818501418966,33672.763799606284
0,0,1,12,1,35,20196.9685299953,23011.22245898967,23271.152325132407
0,0,1,8,0,56,27947.75937396529,17364.569483225467,21815.249201380204
1,0,1,10,0,31,8833.717174479763,14834.643823798262,1019.6293190078468
0,0,1,16,1,29,11794.892766959207,18719.212882555603,40081.54561027165
1,0,1,20,1,24,9295.166292697359,6742.948723251515,27489.654157059587
0,0,1,12,1,43,47991.98390688475,48831.28675035079,51682.427560095675
0,0,1,11,1,42,0.0,0.0,12314.413728880205
0,0,0,16,0,41,30179.967641220166,46632.193332738505,50083.123060652084
0,0,1,15,0,47,23620.344345841364,17875.863295338662,33532.0673775528
1,0,1,9,1,39,15516.301015497922,19168.302936244447,26813.390731411957
0,0,1,11,0,33,17785.46175306246,14715.121214206392,8941.71464162481
0,0,0,12,1,22,7686.86214112985,7400.001490146915,5288.205597837044
1,0,1,13,1,48,13815.381113873433,12837.764198758365,9896.198095655094
1,0,1,15,1,35,14433.560972525396,20625.78929934252,22838.085790711557
1,0,1,7,1,32,19691.80117499647,8923.487647145113,23145.983334223485
0,0,1,18,0,37,19649.07807260887,17351.28848053539,36328.99372710616
1,0,1,12,1,35,18609.53444058664,16397.65591819142,13951.699832796141
0,0,1,11,1,32,8091.057342676473,6361.094156947478,5260.515645998061
0,0,1,12,1,38,2385.3409235312356,0.0,5289.201616482868
0,0,0,9,1,37,18421.64680599205,22576.333754945466,27986.23948241434
0,0,1,10,0,47,25006.40907227606,21748.88340654403,3968.826151236706
0,0,1,12,1,24,0.0,3518.7333539193933,26565.913317619266
0,0,1,12,1,42,19690.31397244199,20158.458725845034,47526.63855030537
0,0,1,17,1,42,23.48535503623134,1925.6169713043382,5504.571057229309
0,1,0,11,0,28,17636.96022579691,17524.40276145062,11267.798310470396
1,0,1,10,1,34,17335.873200595655,18574.432393114257,23235.854763786614
1,0,1,14,1,45,27344.980264924445,29389.41182264649,34638.27529760665
0,0,1,14,0,36,50260.57176215251,45217.86291139864,36157.97327781013
1,0,1,11,1,51,24894.852292764466,17660.384719226582,15292.617154090625
1,0,0,11,0,24,13050.91862266981,20706.374242101032,11192.738132195544
1,0,1,10,0,24,30060.28195266772,29109.06474044032,27950.742138745212
1,0,1,10,0,20,8419.956651627639,7731.925312919794,2006.2395725185524
0,0,1,12,1,33,14788.43786729174,26922.156982320226,23802.89585478035
0,1,1,14,0,50,24401.384710172242,32201.430476378606,14893.301341492348
1,0,1,10,0,35,4241.0217710041325,0.0,0.0
1,0,1,11,0,34,12549.99341175675,13435.296031691343,23933.70117432055
0,0,1,17,0,30,18980.645156574137,11153.414096877552,24612.488338359075
1,0,1,7,0,40,9182.341576711693,2041.085714907953,5906.279922116166
1,0,1,10,1,36,19875.9338730984,13537.559607635327,27065.277142309984
1,0,1,6,0,60,15058.986230875083,10258.13900990721,0.0
0,0,1,13,1,28,18994.976361141074,16232.363350081843,22812.223553463038
0,0,1,12,1,40,17378.588093940187,12475.47695874322,27982.400811932683
1,0,1,11,1,38,9633.317307538482,12549.667168870708,16972.907919883255
1,0,1,14,1,32,25886.249933141495,21564.684334378715,55999.959424420544
0,0,1,14,1,24,15164.191979253956,9502.615833307915,23358.030894027837
1,0,1,9,1,36,18056.023154882645,6715.059576073562,38166.23279352449
1,0,1,12,1,29,23709.15706556623,23617.781305935132,30715.563911932426
0,0,1,16,1,18,14085.255031242934,28134.20245637377,44474.353341230664
0,1,1,7,1,39,16757.57585028102,16092.842605644159,19144.650495513564
0,0,1,9,0,29,40180.90951569333,39445.45355666204,29057.32899048168
0,0,1,11,1,43,24377.775938349398,40474.891342015515,24715.17982204798
0,0,1,12,1,26,16101.905410550902,20738.168062539055,19764.89659663531
0,0,1,11,0,29,12899.732872915854,5724.346083618009,5132.693935745447
1,0,1,10,0,28,11430.204695293996,9476.67207111648,5614.626199602688
0,0,0,12,0,18,0.0,0.0,0.0
1,0,0,13,1,25,13072.126166424301,16202.42828774887,30058.75013614609
0,0,1,18,0,40,32870.96511315434,45219.791572387985,38773.10872014031
1,0,1,7,1,39,0.0,6788.193309518945,5919.699858217753
0,0,1,12,0,38,0.0,0.0,15915.365978402193
0,0,1,14,0,53,25275.920042992417,15456.25875895594,27620.82286719567
1,0,1,8,1,38,13316.18792232415,16236.887771559992,27488.921231115462
0,0,1,2,0,24,2927.5811365166883,15373.403465992422,7432.9637670678985
0,0,1,18,1,33,46174.55612298851,35055.42423243352,48722.294561399896
0,0,1,9,1,32,399.04494625825464,0.0,5041.048132237213
0,0,1,9,0,58,34144.51256696669,30339.299396108898,31972.41538648543
1,0,0,12,1,19,18365.1917981957,9646.706610777204,25715.214471538933
0,1,1,11,0,46,1814.1662303975445,7934.998385821967,5250.135863193269
0,0,0,12,1,29,18080.06773884356,3534.804404963561,35930.19883611246
0,0,1,12,1,35,11244.988225689054,7724.170140917298,5339.888049131425
0,0,1,14,0,51,18464.414889468837,18912.924228741802,22824.503483014083
0,0,1,9,0,41,14243.682242962894,19207.374230031906,11144.234826706552
1,0,1,12,1,24,22872.51543120428,24909.7100270871,40542.029510358
0,0,0,14,0,36,37995.31895860941,24057.610467010345,25636.38732488038
0,0,1,11,0,31,31262.32664439358,25493.29553385497,21251.581302895982
1,0,1,14,0,27,21635.79882005653,21296.086780264257,33544.129918315615
0,0,1,13,1,27,19995.69392938834,24722.846199669013,41306.77862094392
0,1,1,7,1,59,5517.596448600783,10727.57726018392,10001.015224160843
0,0,0,13,0,16,0.0,0.0,15736.521026370436
0,0,1,10,0,35,14840.949318890502,12375.009097062295,12630.69692813655
1,0,1,12,1,37,40057.94977320796,32392.620926178777,42937.17965871781
0,0,1,14,1,41,29736.19907682293,30241.73985937442,35849.53446744743
0,0,1,16,1,22,6725.073852658636,35673.438355829865,43542.86210899002
0,0,1,14,0,41,49719.458383588484,34327.781076934196,52433.91162680225
0,1,1,14,1,41,13212.68451894892,2873.97559842545,33646.877908764116
0,0,1,18,0,37,47216.154070962715,50271.899553016876,72120.41977889845
0,0,1,13,0,42,18833.07956232788,6679.436222682461,5010.361041886943
0,0,1,12,1,28,0.0,0.0,17877.458308322377
0,0,0,20,1,21,46807.01915771229,29914.70410335989,42937.057648454545
0,0,1,12,1,51,13453.81763595267,9478.003998413682,17725.98482248938
1,0,1,11,0,42,31560.84207340594,21797.675932782324,39022.5170107591
0,0,1,13,1,52,30955.054871539054,32478.102989831248,36054.4813121443
0,0,1,17,0,46,30172.884020042264,36412.078603676055,37088.976222243495
1,0,1,6,1,55,16740.076017084342,18309.42603777135,34626.89700241534
0,0,0,7,0,34,23902.50682403296,18385.531422879143,28420.54623104496
0,0,1,11,0,39,32103.793895906932,31940.322277796884,34397.89702079345
0,0,1,9,0,28,10007.577836346445,479.0800249869353,0.0
1,0,0,8,0,18,13643.001073937936,16069.422808542513,27614.157361001984
1,0,1,6,1,63,7853.533925805035,11289.958892788149,11678.179784442227
0,0,1,13,1,33,12365.987465840702,18241.355153889966,39782.10667829192
0,0,1,6,1,36,37056.151048856555,27295.673479426947,27799.061454380597
0,0,0,9,1,29,34388.09245476803,28946.32017721553,27387.279092816447
0,0,1,20,1,25,39279.64142610075,29235.526596057483,34939.75406996735
1,0,1,13,1,20,23447.34307235959,14395.96485710695,27608.36691291382
0,0,1,9,0,36,37448.19706500533,32517.930564496215,31235.99177140152
0,0,1,13,0,17,9981.865299972911,0.0,15147.454420989361
1,0,1,9,1,26,2715.2189076511204,1458.5660687567724,13397.43736562943
0,0,1,15,0,25,42052.01263552826,48957.70147548508,68343.09837960333
0,0,0,16,1,23,12955.377811713708,16880.073213861797,30105.38886267991
0,0,1,10,0,42,24632.25769814206,30364.28116583146,43714.8974435869
0,0,1,13,0,49,34945.5610653403,26822.194930103517,35902.43922246975
0,0,1,15,1,28,8040.3618914747985,10406.574818413532,33157.466981830024
0,0,1,14,1,26,2069.99978651707,7149.571202116893,16079.921248197836
0,0,1,11,0,33,31675.520797719055,29846.04791804135,2042.4914060322953
0,0,1,12,1,21,3166.820040157774,11209.615494043275,23635.315428992297
1,0,1,17,1,20,9857.615042272315,10735.24222459344,25139.58440581702
0,0,1,15,1,51,27510.42038773161,24518.0287124878,37558.34359011703
0,0,1,13,0,51,35151.479336939214,43210.34146715682,25960.244209793836
1,0,1,6,0,35,15160.542788835723,16742.703015157178,23528.387776815023
0,0,1,15,0,24,24486.918308172684,17358.03523155039,19094.69054093521
0,0,1,14,1,40,21163.232145459602,26710.257592946593,40621.29675085027
0,0,1,15,1,53,48252.51151431595,48616.45965698144,65256.26549889066
0,0,1,13,1,33,12587.238540370212,20743.56856819624,32459.70818482164
0,0,1,11,0,28,16000.26968646641,20274.19110699811,23268.60594756927
0,0,0,14,0,20,276.7519805365664,5187.883177427524,26989.44464556985
1,0,0,10,0,61,17945.9058495062,24566.973038014574,33008.615219893356
0,0,0,7,0,45,8209.889124390284,0.0,0.0
0,0,1,12,1,29,16742.647281144345,14096.85802451654,10306.279733978416
1,0,1,11,1,31,12129.3913268551,12374.270381039256,23895.208172277424
1,0,1,4,0,43,17120.833746102548,13526.829368497765,5300.4606397860625
0,0,0,13,1,35,28135.25544718113,29476.686161548663,56110.68886985923
0,0,1,9,0,59,35929.69122380771,34403.516964089955,28767.690722084822
0,0,1,12,0,24,0.0,0.0,4944.182413535353
1,0,0,10,0,21,0.0,0.0,0.0
1,0,1,11,0,41,23524.860347344496,17348.903094467627,20627.12663744967
0,0,1,13,0,32,33770.407925236475,29917.456827697853,38823.471118274436
1,0,1,9,1,34,13275.399553253746,9016.958151512226,6584.268082371715
1,0,1,3,0,44,679.0217399544126,3512.2823737560175,763.4279180534959
0,0,1,11,0,31,15227.58366886846,27250.26080919381,35454.453353326884
0,0,0,12,1,25,19845.1065182143,26283.72049021436,24929.931090088474
0,0,1,9,0,35,29686.844982273087,27185.41582047515,37272.685535568155
0,0,1,8,0,39,0.0,5389.093686893908,0.0
0,0,1,11,0,49,21460.66668938386,15901.369040327016,19158.326269614532
0,0,1,14,1,31,38580.099434757714,47047.67945404528,58810.54144419689
1,0,1,11,1,32,12985.355748476553,2321.957802965486,20182.34761744215
1,0,1,10,0,29,3309.2294559421352,3067.8376779288155,17822.936878032953
0,0,1,13,1,31,0.0,0.0,5613.240223165374
0,0,1,10,1,49,28097.647469679625,22381.4405833797,35016.65136952652
0,0,1,16,1,39,59552.6595157051,48540.21832945981,65816.49061600144
0,0,1,13,0,42,16922.34112776415,12245.91435219146,28176.75093915309
0,0,1,10,0,36,32150.437144185886,33528.74277709183,50009.34187493752
1,0,0,14,1,33,17980.836089324817,10058.939916547786,31539.058952436033
0,0,0,9,1,29,8790.206423613068,8964.342089722692,5133.076163681019
0,0,1,18,1,27,7096.145476145044,11717.414739079484,15635.930596903374
0,0,1,13,0,49,54100.90960773481,50403.99630005979,47038.20328483691
0,0,0,12,0,18,58050.70668301242,55141.111293299946,64805.83208819369
0,0,1,15,0,46,14317.761114916668,13557.884729238636,21138.824334225454
0,0,1,13,0,37,29336.319811995832,23865.95070478841,60864.97758711068
1,0,1,13,0,24,31400.139041605304,27159.050473884818,19927.853322392177
0,0,1,10,0,53,21334.662732112873,18592.783120197793,13834.626081372278
0,0,0,14,0,23,8186.432568173046,10310.52687930465,19974.95806181583
0,0,0,16,1,31,18796.96970404564,23364.19539420524,32209.093236059733
0,0,1,16,0,53,24599.59821803473,17350.30503909666,14677.03335791586
0,0,1,15,0,41,25593.138346977914,37693.884993694344,52162.61581979882
1,0,1,9,0,38,21373.383278345547,20675.463550119395,10697.322585128353
0,1,0,14,0,18,12335.866102644908,0.0,17550.547027489003
0,0,0,12,0,52,21103.45147998322,7323.816104671943,18508.109805097418
1,0,1,11,0,20,15342.002273949316,15609.688843895507,21118.25817038639
1,0,1,11,0,43,18455.06885005292,19704.021285715226,21739.555534826548
0,0,0,11,1,20,7022.067757749386,15400.761713166841,43206.31768360535
0,0,1,13,0,37,26373.749161211977,30747.67076422214,11616.886061418933
0,0,1,16,1,24,18839.56704660914,6491.457990693174,20770.415557514985
0,0,1,18,1,25,56011.34777768025,70273.53703695803,58688.543777332365
0,0,1,14,0,37,39831.56844463981,37707.496213664024,34509.52067704876
1,0,1,17,1,31,34174.269917321086,27660.66688066006,33527.54128994348
0,0,0,10,0,46,23322.483999238248,20776.404493414546,24254.257691696388
1,0,1,4,1,32,9598.486106344146,12486.396032321562,30749.931214293818
0,0,1,13,1,33,12662.899221185906,22155.81958652756,16652.545894240233
0,0,0,13,1,33,36206.04046721723,31434.17154097803,38430.571872322995
1,0,1,13,1,30,19167.464965283943,21726.714604979457,20227.54130015792
0,0,0,10,0,41,32711.89968301641,13132.9961352983,8357.81286273057
0,0,1,15,1,34,31827.49072166041,29749.431496155587,26343.757151263904
0,0,1,12,0,60,15278.711251201796,20390.26645176329,23064.925442091706
0,0,1,16,1,31,6546.298747952658,12151.299097856283,4951.6929376799835
0,0,1,17,1,45,27374.027430619586,29226.812310802386,35026.312003010804
0,1,1,10,1,33,2802.865017363385,19217.64355902845,20123.993980678864
0,0,1,16,0,33,16230.62417454253,7109.781898265914,19196.27920634467
0,0,1,13,1,37,21912.20087377529,30224.473179410234,45318.62114515831
0,0,0,14,0,20,11436.579880333342,14751.356313620083,450.99477466748067
0,0,1,10,1,40,24693.140407667237,21672.81788772833,19179.049989101026
0,0,1,14,0,36,40585.23550754201,42973.798177322584,34067.38591100698
0,0,1,11,0,30,23808.619927018735,21323.758284929016,27257.37451403266
0,0,1,6,0,45,8057.554470918221,18972.507714279385,18755.74332566781
0,0,1,15,0,22,23076.067081821842,22310.343273482154,17178.547826718714
0,0,1,18,1,27,40271.62834673737,49530.50914870997,61989.87270490068
0,0,1,15,1,24,14117.816329301188,19597.186808461236,31236.15272496028
0,0,1,12,0,29,0.0,0.0,0.0
1,0,1,11,0,21,8212.565544471081,10107.001215225922,0.0
0,0,0,10,0,31,12562.929045456242,0.0,0.0
1,0,1,12,1,31,0.0,0.0,4716.619505444435
0,0,1,12,1,54,30518.425738488288,38251.39856238072,38500.85370149326
0,0,1,16,1,29,59.972413302366476,23819.84007089677,39517.78473552978
0,0,1,15,1,33,41440.21908007887,50621.39430878818,47456.304134821905
0,0,1,15,0,48,22179.595580854755,17347.942156578432,24513.615766724863
1,0,1,17,1,41,21757.47833164588,16067.388630220128,33164.84634052319
0,0,0,11,0,40,20153.8196911029,15223.280356597683,25012.754259273217
0,0,1,17,0,23,34201.44757295262,32638.440403840563,38824.699510444574
1,0,1,15,1,31,7802.564600724371,14976.88769919124,25894.02116911955
1,0,1,11,1,44,33322.55845960033,34218.40705842244,28418.183480667016
0,0,1,14,1,39,32491.42040229225,26480.102371094283,33831.275694932374
0,0,0,9,0,16,13855.447979487566,12194.775770518652,6839.73864292213
1,0,1,7,0,40,26634.198059114162,22989.306202098458,22533.313840118255
0,1,1,17,0,18,38116.71299790639,27921.634464347913,56091.14678956829
0,0,1,15,0,37,2146.222456823023,2667.788571221008,18319.04295593023
0,0,1,14,1,34,4065.9541199607665,5296.305793258436,20400.735686732925
0,0,1,18,1,34,9600.367562293994,17945.074712741094,36412.806302640754
1,0,1,6,1,35,0.0,0.0,4921.802257322317
1,0,1,9,1,47,24230.33946291924,21985.779749000387,27206.285142525427
0,0,1,12,0,17,8246.070069362762,10469.100454364703,10487.42434508717
1,0,1,11,1,38,28622.246730907682,29720.380471991706,36948.368107090864
0,0,1,17,0,27,30896.17688801451,33661.723564927335,25041.715001878147
1,0,1,10,1,42,19091.665883791386,20214.464554343325,17438.344636847163
0,0,1,13,0,29,11827.386893598872,6098.859305446787,21631.195389263277
0,0,1,13,1,42,38147.855441239604,32605.00406797231,37790.7145736984
0,0,0,17,0,18,178.36794773281872,7533.85119039717,1971.3222936003258
0,0,1,11,0,56,23752.25727092385,34703.05135216338,32610.787380373287
0,0,1,13,1,49,12075.73136727684,15904.542463398502,14542.1186505278
1,0,1,10,0,36,7743.9739100923925,14145.084036626298,18852.056078588557
0,0,1,15,1,35,212.33923541409968,0.0,11973.107814961611
1,0,0,7,1,41,3126.394359952854,3445.011838071856,13090.619424994742
0,0,1,15,1,48,28287.971773082252,27871.60410323196,28436.810899236916
1,0,1,12,1,44,14128.045223890296,27054.277311591042,37856.02241056237
0,0,1,9,0,21,0.0,0.0,0.0
0,0,1,7,0,48,2609.710552345543,8451.623044625478,0.0
1,0,1,12,1,45,7546.269510141639,6335.228369783756,17892.13220660513
1,0,1,11,0,27,31836.870878361748,30767.156991028296,20417.746727949347
0,0,1,16,1,51,36443.56156013475,31054.20368147055,17019.117674269168
1,0,1,8,0,34,14787.00520711383,21303.9973756097,24589.655717092108
0,0,0,15,1,19,22451.566569764756,14890.476170340062,29570.36263090127
0,0,1,9,0,23,47228.80816769914,54261.00134788617,49536.01510706986
0,0,1,17,0,28,33274.95904165008,29415.113813168562,42972.363542948035
1,0,1,6,1,42,11379.749169814935,7387.918366896758,4519.246849884266
0,0,0,14,1,23,25672.647010097862,30892.74889308346,28359.218189850064
0,0,1,15,0,35,37408.51022451301,46781.482457612714,41087.25891684607
1,0,1,12,1,51,29113.280316945304,23860.9309521763,35171.13223276697
0,0,1,7,0,44,1470.361048212213,3888.4956055950315,0.0
1,0,1,13,1,26,29051.884159028086,25493.010188204767,35017.40019566546
1,0,1,14,0,27,15043.954452826792,18045.070792977822,27403.597448566405
0,0,1,11,0,50,7927.109139837194,11301.012477847056,19456.027628777425
0,0,1,10,1,43,0.0,19.042555125266517,4985.405632623086
0,0,1,16,1,27,33405.19986037517,14150.619375413185,30432.757709725625
1,0,0,7,1,44,7939.25974334091,15402.77007921254,11069.330750322848
0,0,1,4,0,34,4040.3993187608976,0.0,0.0
1,0,1,6,1,44,0.0,11471.926500698899,4496.128361294968
0,0,0,8,1,32,8179.791671820043,14021.308620864209,20378.594540986924
0,0,0,15,0,34,14049.009513541478,18321.05262176439,26881.319931889633
0,0,1,12,1,50,26245.704986814428,23091.611044847774,28587.954725901218
1,0,1,10,1,38,19768.706144619453,18229.702639432522,42311.18819042042
0,0,1,12,0,38,0.0,12659.381189594624,19398.153754969226
0,0,0,12,0,41,0.0,11713.683800512934,10609.970104481816
0,0,1,14,0,24,8194.241785344699,23471.218252532395,35032.504491980006
0,0,1,11,0,37,38227.79737353505,14333.718087654783,22754.838318223065
0,0,1,12,0,40,16660.403559131308,21846.907265105972,36273.040800226336
0,0,1,14,1,57,48194.78886234222,53645.63442512705,43300.94248988678
0,0,1,13,0,26,29328.9031805459,28042.554797464712,31526.044690502
0,0,1,14,1,21,30786.76405747245,27568.50526882649,53390.15776853613
0,0,1,12,1,40,7909.185064309066,8144.285286334856,13576.269018974826
0,0,1,14,0,29,10727.513561826663,8548.904227039297,27520.02752704139
0,0,1,14,1,32,21764.780336401014,24903.415777531627,32957.11588365625
0,0,1,13,1,33,43608.50603558564,42398.58364247124,51548.69388707611
1,0,1,12,1,32,23884.486131550344,20337.81987454305,31771.01120180031
1,0,1,12,1,41,19830.53764912206,20332.514583286276,22380.180998469332
0,1,0,7,0,29,6230.232408826641,7240.751889152818,4506.42810411625
0,0,0,12,1,46,28230.05107432573,23542.929803552805,40856.017309185496
0,0,1,18,1,28,2113.2582881384405,4675.580657439967,13670.337766807308
0,0,1,19,0,40,16459.293145121126,41909.41172011348,42155.54558870559
0,0,1,16,0,35,10056.834777825168,9478.74606625043,22374.53006754897
0,0,1,19,0,33,21106.685745502185,19652.37768537917,33617.10039598214
0,0,1,7,0,47,30214.62104381298,33650.18101793756,39577.836670257384
0,0,1,10,1,37,7900.029880374661,13258.046475158571,4593.74343464551
0,0,1,9,0,34,31892.8179997881,25452.049489510784,31148.816468822726
1,0,0,11,1,27,0.0,0.0,4572.946479539751
0,0,0,15,1,22,39825.1353332255,48937.94728952632,32004.52097834792
0,0,1,11,0,38,0.0,0.0,0.0
0,0,1,11,0,36,22615.57384373411,14164.538151506586,26214.34190741079
0,0,0,11,0,36,42802.17757534588,33284.27622812543,18531.032430843643
0,0,0,16,0,27,19372.197305464415,36058.90202990638,41295.672588882495
1,0,1,14,1,25,12120.705669315503,9971.899788181867,25425.063012608472
1,0,1,13,1,25,18521.931591683307,9657.053669174533,17792.122571007592
0,0,1,14,0,41,32967.944230439534,32756.51646901521,57452.89099344412
0,0,1,10,1,49,25930.286053945776,23905.4045828971,19735.48167111515
1,0,0,9,0,30,14807.717106899072,10142.108710819364,15549.753974298266
0,0,1,15,1,27,23521.846195220394,24085.635547716425,21523.63913574635
0,0,1,14,0,30,2707.358155823469,11046.484237826733,15799.184678178954
0,0,1,16,1,27,35962.33538151602,35342.855896690715,56062.24107885772
0,0,1,11,0,50,20559.884874615298,14704.96090688957,16330.405384676676
0,0,1,14,1,30,2133.877618951421,0.0,8562.361095569604
0,1,1,1,1,41,0.0,0.0,5970.5142357105005
0,0,1,19,0,42,25887.311159196706,29090.5101266173,16961.134093854653
0,0,1,11,0,34,1275.428097168071,13283.202764089554,16291.568183787613
0,0,1,17,1,39,40739.41520262484,30364.639851851884,57130.91319469986
0,0,1,13,1,35,31952.0085330619,34072.35680626244,45662.80223001058
1,0,1,6,1,51,8657.899492097189,11144.664835061463,20342.099241652762
1,0,0,8,1,37,1135.8823613204386,7010.609686255353,27319.422805860835
